apple,02-02-2024 15:09,1706863435-1,Swift UI Engineer - Employee Systems,https://jobs.apple.com/en-in/details/200534806/swift-ui-engineer-employee-systems?team=SFTWR,"Hyderabad, Telangana, India",,,,,https://jobs.apple.com/en-in/search?location=india-INDC,,Posted: 29 Jan 2024,,"3+ years of Software development experience designing and building commercial/enterprise class iOS/MacOS platform/componentsExpert level skills of Swift/SwiftUIExperience with XCUnitTests and XCUITestsExpert in Git repository management and branching strategiesProven track record of building highest quality products on time and on budgetStrong knowledge of concurrency, scalability and fault tolerant designsStrong problem solving skillsGood oral and written communication skillsExperience building highly performing and scalable UI componentsExperience designing applications for accessibilityExtremely organized, detail oriented, and thoroughAbility to work independently with minimal supervision","As a Software Engineer you will be responsible for the technical design, coding, debugging complex iOS and MacOS applications. You will work with a team of developers to deliver new features for existing applications, bug fixes as well as designing and developing brand new applications and tools to satisfy business requirements across the organization. You’ll work in a fast-paced and dynamic environment.


KEY RESPONSIBILITIES
-  Design and develop high-performance, scalable, and fault-tolerant apps.

-  Collaborate with multi-functional teams including UX, Accessibility, to understand functional and non-functional requirements

-  Integrate with backend services using RESTful APIs

-  Implement standard processes for concurrency, synchronization, accessibility and data consistency in the apps.

-  Optimize system performance and solve issues related to scalability and reliability.

-  Stay updated on the latest trends in Swift and associated technologies",Bachelors in Computer Science or equivalent experience.,"Do you love understanding every detail of how new technologies work? Join the team that serves as Apple’s nerve center, our Information Systems and Technology group. There are countless ways you’ll contribute here, whether you’re coordinating technology needs for product launches, designing music solutions for retail locations, or ensuring the strength of in-store Wi-Fi connections. From Apple Pay to the Apple website to our data centers around the globe, you’ll help design and manage the massive systems that countless employees and customers rely on every day. 

You’ll also build custom tools for employees, empowering them to solve complex problems on their own. Join our team, and together we’ll explore all the ways to improve how Apple operates, freeing our employees to do what they do best: craft magical experiences for our customers. 

We are Corporate Systems team within IS&T seeking a UI Engineer to build from the ground up, iOS/MacOS products that impacts thousands of our retail store and corporate users.","-  iOS and MacOS development experience-  Familiar with application network layer design and development (Authentication, Error handling, etc)",-
apple,02-02-2024 15:09,1706863438-2,Search Ads Sales - Platform Specialist - India,https://jobs.apple.com/en-in/details/200536654/search-ads-sales-platform-specialist-india?team=SLDEV,"Gurugram, Haryana, India",,,,,https://jobs.apple.com/en-in/search?location=india-INDC,,Posted: 29 Jan 2024,,"Experience in performance media sales with at least 4 years experience using a self-serve type platformManaged India-based clients with domestic and export business in your previous rolesDeep understanding of the mobile ecosystem and in particular the e-commerce, gaming, media and finance verticals (not required but a plus)Deep understanding of how Performance Advertisers go to market and measure successStrategic selling aptitude working with developers, performance advertisers and advertising agenciesRelationships with local developer communities or trade organization a plusExcellent communication and presentations skills - both in person and virtuallyYou possess strong collaboration skills and you're able to work in a dynamic, exciting environmentExtremely professional and positive demeanourTrack record of meeting and exceeding goals","-  Manage relationships with clients and agencies in the performance marketing space
-  Maintain a high level of outreach via email, phone and meetings to ensure a strong business pipeline
-  Develop a strategy for long-term success across your portfolio of clients & prospects
-  Act as a thought leader with both clients and agencies
-  Work closely with your Manager & Platform Specialist team to ensure accurate execution and alignment with customer objectives
-  Use internal & external data sets to understand how to best help grow your customer's business",Bachelors degree in a related field or equivalent.,"At Apple, we believe in the power of technology to enrich people’s lives. Everything we build is designed—first and foremost—with helping people in mind. We believe advertising is no different, and that its value should come from how it benefits customers, not what it extracts from them. Our Ad Platforms team applies that belief by delivering ads that contribute, helping people discover content, supporting creators, and protecting and respecting everyone’s privacy. Because when advertising is done right, it benefits everyone! 

We are seeking an experienced Search Ads - Client Partner with a real passion for B2B sales to join our Marketing Platforms team to help businesses with promotion and discovery across Apple Services. You have very strong communication and interpersonal skills, you are highly analytical, resourceful, customer-focused, team-oriented, and can work independently to meet revenue and business objectives. You have a proven track record of meeting or exceeding revenue targets in the mobile and app developer space with performance-type advertisers and agencies.",,
apple,02-02-2024 15:09,1706863441-3,Engineering Project Manager - Global Business Intelligence,https://jobs.apple.com/en-in/details/200536733/engineering-project-manager-global-business-intelligence?team=SFTWR,"Hyderabad, Telangana, India",,,,,https://jobs.apple.com/en-in/search?location=india-INDC,,Posted: 30 Jan 2024,,"2+ years of hands-on engineering project management experience in Business Intelligence/Data Engineering/Analytics areasExperience in various project methodologies and processes, including Waterfall, Organisational Change and Agile/ScrumAbility to understand new technologies and dive into detailsSelf-motivated, collaborative, curious, proactive with demonstrated critical thinking capabilityGood listening/comprehension, verbal and written communication skills, ability to distill and present information for the right audienceExceptional attention to detail and organizationDemonstrate resilience and adaptability, in the midst of ambiguity and uncertainty, to promote transparency and inclusion, and ultimately drive business impacting change","In this role, you will drive project management - including large, multi-functional ones - to deliver for meaningful business initiatives. This requires leading all aspects of SDLC (software development process) efforts: you will define, schedule, prioritize, track, measure and communicate status. You will lead efforts across teams representing multiple layers of the technology stack as well as other multi-functional partners and business groups. Facilitating requirements brainstorming and design review sessions with internal and external partners, while understanding functionalities and features implemented are critical. Identifying and mitigating risks, removing road blocks and facilitating communication between teams are critical aspects to the role. 

Additionally, you’ll assist in other EPM responsibilities including but not limited to maintaining roadmap, providing oversight on resource capacity and funding at portfolio level, rolling out project framework and governance, etc. We value your ability to lead and develop new processes and ideas when it makes sense to re-evaluate, which at Apple is always!",Bachelor’s degree or equivalent experience.,"Apple is a place where extraordinary people gather to do their best work. Together we craft products and experiences people once couldn’t have imagined — and now can’t imagine living without. If you’re motivated by the idea of making a real impact, and joining a team where we pride ourselves in being one of the most diverse and inclusive companies in the world, a career with Apple might be your dream job. At Apple, great ideas have a way of becoming extraordinary products, services, and customer experiences. Bring passion and dedication and there's no telling what you could accomplish. Are you passionate about empowering decision making through data? Do you want to work in a highly energized environment where your abilities will be challenged on a day-to-day basis? If so, the Apple GBI org is looking for people like you!

The Global Business Intelligence (GBI) organisation manages Apple’s enterprise data warehouse with petabytes of data, processes billions of rows of data to deliver insights and enable informed business decisions. The GBI team provides data analytics, ML and data science solutions to various Apple business groups. We use diverse technology stacks such as Snowflake, HANA, SingleStore, along with multiple processing and analytics tools and technologies. Designing, innovating and delivering solutions with these big-data technologies is a core part of our daily job! We are looking for an experienced engineering project manager (EPM) to drive delivery of projects. The ideal candidate will flourish with working on new technologies and fast-paced applications and product development and will lead a multidisciplinary team working on the future of enterprise data analytics.",,
apple,02-02-2024 15:09,1706863444-4,Solutions Engineer - Payments and Reconciliation,https://jobs.apple.com/en-in/details/200536691/solutions-engineer-payments-and-reconciliation?team=SFTWR,"Hyderabad, Telangana, India",,,,,https://jobs.apple.com/en-in/search?location=india-INDC,,Posted: 30 Jan 2024,,"At least 3 years experience in Software Development.Assess product capabilities for requirements, and configure them for various payment projects.Strong communication skills and ability to propose design, seek feedback, and iterate with businessBasic coding skills and/or Fundamental knowledge in languages like Java, C#Hands on experience with scripting languages like bash or python.An eye for detail to accurately assess business requirementsExposure to building technical solutions that are fast-paced and critical to businessDealing with ambiguityEmbrace work with a sense of urgency and the ability to adapt to resetting priorities depending on business demandsMust be able to brainstorm and communicate technology ideas and issues with peers and IT managementFamiliarity with database querying and databases. Knowledge of noSQL like Mongo db is a bonus.Hands-on Implementation or integration experience.Understanding of distributed systems.","The Corporate Systems group at Apple focuses on creative ways to engineer business solutions to meet the growing needs of Apple Finance, iTunes, App Store, Sales, Retail, Apple Care, and Apple Online. Our portfolio comprises engineered custom solutions to process very high-volume micro-transactions from iTunes and App Store Downloads, iPhone Activations, Sales from Retail/Online, Resellers, etc.

These solutions are based on ground breaking enterprise technologies ranging from Server Side Java, Web Technologies, Oracle, and No-SQL Databases. Accurately processing such high-volume transactions is our core strength. We seek a self-starter with strong analytical and leadership capabilities. Exceptional communication skills, for collaborating across many participating teams. You will interact with many other group’s internal teams to lead and deliver best-in-class solutions in an exciting fast-paced environment. Dynamic, inquisitive people and inspiring, innovative technologies are the norm here. Will you join us in crafting solutions that do not yet exist?",BS/MS Computer Science or Equivalent.,"Imagine what you could do here. At Apple, great ideas have a way of becoming great products, services, and customer experiences very quickly. Bring passion and dedication to your job; there's no telling what you could accomplish. 

Apple’s Employee Experience and Productivity group is looking for a Functional Engineer in Hyderabad, India to lead Revenue and Reconciliation projects.",-  Background in Payments and Finance is desired-  Prior experience in reconciliation products is a plus,
apple,02-02-2024 15:09,1706863447-5,Senior People Business Partner,https://jobs.apple.com/en-in/details/200536803/senior-people-business-partner?team=CORSV,"Hyderabad, Telangana, India",,,,,https://jobs.apple.com/en-in/search?location=india-INDC,,Posted: 30 Jan 2024,,"Effectiveness, coaching, and culture.Foundational understanding of HR analytics and experience with HR systems & tools is essential.Workday knowledge is a plus.Strong communication and influencing skillsHighly collaborative styleResourceful, inventive, self-motivated and able to independently leadAbility to coach, mentor and advise where appropriate to help managers and employees grow and develop in alignment with business and personal goals.Impeccable judgment and ability to balance the needs of the company and employees alikeStrong project management and Excel skills are desired","In this role, you will closely partner with business leaders to align on the People strategy. 

Business Knowledge: Ensure depth of understanding of organizations supported, including key functions and processes. 

Organizational Development: Support and work with business teams to understand current and future goals and trends that may impact workforce needs and initiatives. Proactively engage with leaders on people strategy through workforce planning, organization design and structure. 

Talent & Performance Management: Design and deliver appropriate talent planning activities that will identify talent, leadership development priorities, and succession plans. Focus efforts on accessing development needs, and promoting a learning environment which supports on-the-job opportunities. Leverage coaching skills to assist employees and managers through development and performance matters. 

Diversity Programs: Partner to drive diversity initiatives with consideration for talent movement, I&D dashboards, recruiting and representation as well as targeted development initiatives. Collaborate to develop I&D action plans in partnership with cross-functional partners 

Compensation: Advise on local and global compensation initiatives. Competence in interpreting internal compensation framework and external market survey data. Identifying emerging trends. 

Special Projects: Develop and work on special and cross-functional projects as identified. 

Training: Understand the training/development needs of organization and act as liaison with Apple University to deliver or secure appropriate training to the organization. Author and deliver curriculum for site- and division-specific brown bags and training. 

HR Metrics: Use data to develop the People agenda. Track and report staffing, retention, attrition, and other data to line management; recommend programs and/or enhancements as appropriate.","Masters degree is preferred along with 10+ years of proven performance as a strategic HR partner A rotation in an Organizational Development or Project center of excellence would be an added plus.

Apple’s most important resource, our soul, is our people. Apple benefits help further the well-being of our employees and their families in meaningful ways. No matter where you work at Apple, you can take advantage of our health and wellness resources and time-away programmes. We’re proud to provide stock grants to employees at all levels of the company, and we also give employees the option to buy Apple stock at a discount — both offer everyone at Apple the chance to share in the company’s success. You’ll discover many more benefits of working at Apple, such as programmes that match your charitable contributions, reimburse you for continuing your education and give you special employee pricing on Apple products. 

Apple benefits programmes vary by country and are subject to eligibility requirements.

Apple is an equal opportunity employer that is committed to inclusion and diversity. We take affirmative action to ensure equal opportunity for all applicants without regard to race, color, religion, sex, sexual orientation, gender identity, national origin, disability, Veteran status, or other legally protected characteristics. Apple is committed to working with and providing reasonable accommodation to applicants with physical and mental disabilities.","Do you have a passion to help others succeed? Do you genuinely believe that talent is the greatest asset of any company? As a member of Apple’s People group, you’ll help discover and develop our most important resource: our people! Together, we’ll search the world to build our collective of talented perfectionists, visionaries, and inventors. All the while, your efforts will maintain Apple as the most innovative company by striving to make us the most diverse — open to all people, all backgrounds, and all perspectives. And that’s just the beginning, because throughout Apple employees’ careers, you will continue to help professional growth and support them in work and life. Join the People team and help build and keep the extraordinary talent it takes to make extraordinary products! 

Come join Apple's People team. We are looking for a strategic People Business Partner who embodies our culture and core values and can champion large, non-exempt, support group teams. You will deliver a full spectrum of both strategic and tactical HR support and programs to the organization from educating clients on compensation practices, labor and employee relations, performance management, career development to advising on various management issues.",,
apple,02-02-2024 15:09,1706863450-6,"DevOps Engineer, Corporate Systems",https://jobs.apple.com/en-in/details/200536800/devops-engineer-corporate-systems?team=SFTWR,"Hyderabad, Telangana, India",,,,,https://jobs.apple.com/en-in/search?location=india-INDC,,Posted: 30 Jan 2024,,"2-3 years proven experience in DevOps/SRE, systems engineering, build/release/deployment automation, etc.Good understanding of distributed systems, APIs, and cloud computing.Experience with hosted services in a high-volume enterprise environment.Implementing applications in private/public cloud infrastructure and container technologies, like Kubernetes and Docker.Experience with develop software tooling to deliver programmable infrastructure & environments and building CI/CD pipeline with tools like Terraform, CloudFormation, Ansible, and Kubernetes toolset (e.g, kubectl, kustomize).Ability to program in a high-level programming languages or scripting, such Java, Python, Shell, Golang, etc.Experience with logging infrastructure and using tools like Splunk, Logstash, or Kibana and networking load balancers such as Ngnix, Netscaler, HAProxy.Operational experience with AWS, GCP or similar platforms through migrations, scaling operations etc.Background building distributed, server-based infrastructure supporting a high traffic in a critically important environment.Experience with Kafka, MongoDB, Cassandra and Oracle.In-Depth knowledge on AWS services including VPC, IAM, EC2, EKS, CloudWatch, S3, RDS, Route53. Experience in similar services for GCP is preferred.Working experience with Spinnaker is a plus.AWS Cloud Architect and/or Certified Kubernetes Administrator (CKA) certifications are highly desired.","As a virtue of being part of this team you would be exposed to a variety of challenges supporting and building highly available systems, working closely with U.S. and India based teams and have the opportunity to expand the capabilities the team has to offer to the wider organization. This may include: 

-  Designing and implementing new solutions to streamline manual operations.

-  Triaging security and production issues along with other operational team members. Conduct root cause analysis of critical issues.

-  Expand the capacity and performance of current operational systems.

The ideal candidate will be a self-motivated, hands-on, dynamic and detail oriented individual with a strong technical background.",Bachelor’s in Computer Science or equivalent experience.,"Do you love understanding every detail of how new technologies work? Join the team that serves as Apple’s nerve center, our Information Systems and Technology group. There are countless ways you’ll contribute here, whether you’re coordinating technology needs for product launches, designing music solutions for retail locations, or ensuring the strength of in-store Wi-Fi connections. From Apple Pay to the Apple website to our data centers around the globe, you’ll help design and manage the massive systems that countless employees and customers rely on every day. You’ll also build custom tools for employees, empowering them to solve complex problems on their own. Join our team, and together we’ll explore all the ways to improve how Apple operates, freeing our employees to do what they do best: craft magical experiences for our customers.

Are you a passionate operations engineer who wants to work on solving large scale problems? Join us in building best in class solutions and implementing sophisticated software applications across Corporate Systems Engineering. At Apple, we support both open source and home-grown technologies to provide internal Apple developers with the best possible CI/CD solutions. In this role you will have the unique opportunity to own and improve tooling for best of the class large-scale platform solutions to help build modern software systems!

We are a part of the Engineering Operations team for Corporate Systems. This role is primarily responsible for building and managing tools that enable software releases in a fast paced enterprise environment We operate with on-prem, private, and public cloud platforms. A Senior DevOps Engineer would be partnering closely with global software development teams and infrastructure teams.",,
apple,02-02-2024 15:09,1706863454-7,SAP Basis Administrator - S/4 HANA,https://jobs.apple.com/en-in/details/200503008/sap-basis-administrator-s-4-hana?team=SFTWR,"Hyderabad, Telangana, India",,,,,https://jobs.apple.com/en-in/search?location=india-INDC,,Posted: 30 Jan 2024,,"10+ years of SAP Basis administration experience in large environments, preferably running SAP  Business Suites including S/4 HANAProficiency in SAP system performance tuning and troubleshootingAt least 3 years experience in monitoring and troubleshooting of HANA and Oracle databases.You should have participated in a minimum of 3-4 implementations of SAP systemsExperience in high availability, disaster recovery, system refreshes and backup mechanismsExperience with SAP system upgrades, patches, and installationsAbility to take ownership of work activities and take it to conclusion in a timely and efficient mannerAbility to communicate effectively, both written and verbal, with technical and non-technical multi-functional teams spread across regionsProven problem-solving abilities and attention to detail","The SAP Technology team is responsible for managing and supporting databases for SAP systems. The team is responsible for complete SAP solutions. You will be participating in a global technical team you will adapt quickly to dynamic environments, learn new technologies, and develop elegant solutions to complex problems. You will be able to demonstrate problem solving and multi-tasking skills while working under pressure and exercising your knowledge of SAP Basis.  You will also enjoy the benefits of working in a flexible environment where you are encouraged to ""Think Different"" and where your efforts play a key role in the success of Apple's business.
Key responsibilities will include the following among others
Accountable for landscape management, availability and performance of all SAP systems.
Maintain comprehensive documentation for SAP landscapes, configurations, and procedures.
Coordinate with different teams in installation, maintenance and upgrades of SAP systems.
Support SAP systems through out the lifecycle of projects from time to time.
Plan and execute SAP system upgrades and apply patches as necessary to keep systems up-to-date and secure.
Implement and manage backup and recovery strategies for SAP systems to minimize data loss in case of failures.
Ensure compliance with security policies and best practices.
Investigate and resolve SAP system issues, including root cause analysis and preventive measures.
Continuously identify opportunities to improve system performance, scalability, and reliability.
Collaborate with Project Managers, Operations team and service providers",Bachelor's Degree or equivalent experience,"The people here at Apple don’t just build products — we craft the kind of wonder that’s revolutionized entire industries. It’s the diversity of those people and their ideas that supports the innovation that runs through everything we do, from amazing technology to industry-leading environmental efforts. Join Apple and help us leave the world better than we found it.

Imagine what you could do here. At Apple, new ideas have a way of becoming great products, services, and customer experiences very quickly. Bring passion and dedication to your job and there's no telling what you could accomplish.  Are you passionate about solving complex business challenges with process engineering and technology? Do you thrive in environments that require multi-functional thinking, collaboration, and innovation? If so, this may be the job for you.

We are searching for a technical, creative, and hands-on SAP Basis Administrator to join SAP Technology team. Do you wish to be challenged to think creatively? Are you ready to join a team that makes a difference?

SAP Technology team within Apple is responsible for managing a large set of SAP systems. These systems support critical business functions within Apple.  This team is technical owner of SAP landscapes. The team is primarily responsible for system scalability, availability, performance, infrastructure security and software life cycle management.
We are seeking dedicated, enthusiastic and team player to join our team as a SAP Basis Administrator. In this role, you will be required to provide optimal solutions for a complex and integrated landscape. You would be required to think broadly and quickly.",,
apple,02-02-2024 15:09,1706863458-8,Pega Engineer,https://jobs.apple.com/en-in/details/200534875/pega-engineer?team=SFTWR,"Hyderabad, Telangana, India",,,,,https://jobs.apple.com/en-in/search?location=india-INDC,,Posted: 30 Jan 2024,,"5+ years building and configuring Pega applications using (PRPC 8.x)Good understanding of building systems that are robust, performant and built for scaleHands-on experience in Java/J2EE, developing and consuming REST servicesSolid understanding of Constellation framework and new Pega design patternsGood grasp of HTML, CSS and JS for UI configurationKnowledgeable about Pega Architectural components and their interactionsComfortable with ambiguity and time spent outside of comfort zone acquiring new skillsAbility to adapt and approach problems flexiblyPassionate about the customer experience and attention to detailExcellent communication and teamwork skillsExperience bringing to life impactful features by collaborating with diverse teamsPega certified lead system architect is beneficial.","You will be supporting studies aimed at discovery, development, and validation of groundbreaking new Financial CRM applications and shared services.

-  Collaborate with multi-functional teams: Work closely with software developers, product managers, and quality assurance engineers to understand product requirements and define test strategies.

-  Test planning and strategy: Participate in the development of test plans and strategies, identifying key areas for automation and ensuring adequate test coverage across various components of the software system. In this role you should be able to identify gaps in existing test plans and close them with scalability and maintainability in mind to complement the manual testing efforts. 

-  Test framework development: Design, develop, and maintain robust automated test frameworks and test suites using industry-standard tools and programming languages. Continuously enhance existing frameworks to improve test efficiency, reliability, and maintainability.

-  Test case creation and execution: Build detailed and comprehensive test cases based on requirements and design specifications. Run test cases, analyze test results, and report defects in a timely manner.

-  Continuous integration and delivery: Integrate automated tests into pipelines, ensuring that tests are run efficiently and consistently as part of the SDLC process.

-  You will be responsible for driving all of the quality work you are doing and also be a strong advocate for quality in the overall software development process.",Bachelor’s degree in Computer Science or equivalent experience.,"Apple is a place where extraordinary people gather to do their best work. Together we craft products and experiences people once couldn’t have imagined — and now can’t imagine living without. If you’re motivated by the idea of making a real impact, and joining a team where we pride ourselves in being one of the most diverse and inclusive companies in the world, a career with Apple might be your dream job.

The Customer Systems team is looking for a Pega Engineer. You will play a critical role in driving the strategy and execution, along with the technical direction for the team; working with business leaders and external vendors to define and establish system roadmap, design, develop, test and implement solution with high quality on time and within budget. Candidates should have software background with hands-on design and implementation experience of large-scale applications. Excellent judgement, oral and written communication, and leadership skills are required. The ability of drive decisions through consensus and influence change and the ability to resolve conflict effectively is essential to succeed in this role.",Industry experience with packaged SaaS CRM solutions Pega systems is beneficial.,
apple,02-02-2024 15:09,1706863462-9,Manager - Portfolio Planning Program Management,https://jobs.apple.com/en-in/details/200530945/manager-portfolio-planning-program-management?team=OPMFG,"Hyderabad, Telangana, India",,,,,https://jobs.apple.com/en-in/search?location=india-INDC,,Posted: 31 Jan 2024,,"12+ years of global Supply Chain solutioning experience, including 5+ yrs of people management, across multiple industry sectors, with High Tech strongly preferred.A minimum of 8 years of supply chain solutions implementation expertise in Planning, Procurement, Logistics or Fulfilment areas. Advanced Data Analytics using ML, LLM and Optimisation solutions implementation experience is a plus.Proven experience as a people manager having effectively managed & mentored a highly productive team, developing and tracking key performance metrics for the team.Proven ability to facilitate and lead brainstorming sessions, give ideas shape, design future-state Business processes and systems. Adept at initiating conversations with business teams and build engagements with minimal direction.Proven ability, in a functional capacity, to run multiple efforts simultaneously in a global setting which includes working on projects with teams based out of multiple timezones.Self-motivated, driven and is comfortable navigating and leading teams in a global, fast-paced, sometimes ambiguous environment.Excellent communication across project and management teams along with maniacal attention to detail.Excellent leadership skills that enhance team’s effectiveness.Superb communication and presentation skills.Recruit, retain key talent","As a Manager with the WW Business Process Re-Engineering team based in India, you will lead a team of highly skilled program managers and will work with globally dispersed cross-functional teams in driving programs and solving complex business problems. You will own multiple projects aimed at addressing our evolving business needs and will oversee all aspects of projects starting with requirement definition, timelines, resources, risks, issues through implementation and change management. If you are passionate about delivering quality solutions through innovative business process re-engineering, we hope you will consider joining our Apple team.

- Give ideas shape. Lead, design and analyze complex business processes to be solved with automated systems or advanced analytics.
- Conduct Business Process mapping, gap analysis and create solution point of views.
- Exhibit a great sense of ownership, intent and urgency in driving tasks/actions with the teams towards a common goal. Own and drive the relationship between the various cross-functional teams.
- Enable and nurture relationships with key business partners to ideate/initiate and sustain engagements with minimal direction
- Provide timely & crisp updates and elevate critical risks to senior management.
- Lead, coach and mentor functional program managers
- Set-up & track key performance indicators for the team. Enable a continuous dialogue with the team in providing necessary support towards achieving these goals.
- Communication and co-ordination with globally located teams 
- Champion Apple’s dedication to providing extraordinary user experience and drives the team to work towards this shared goal. 
- Uphold Apple’s ethical and moral standards while working with internal and external partners.
- Drive the team on the foundation of excellence, professional growth, inclusivity and respect.

Success will require an individual to think strategically, connecting the dots of the bigger picture, as well as being comfortable in the details of the key deliverables, while managing a high performant team . Set the highest standard in terms of overall experience for the direct line team, end business users and also project teams. Should be self-motivated, able to give ideas shape, design solutions, initiate engagements/initiatives with minimal direction in a global, fast-paced, sometimes ambiguous environment.","Advanced degree (MS/MBA) in the field of Supply Chain, Operations or Planning is preferred.
APICS and ML/LLM certifications are nice to have.
Project Management certifications are desirable.","Imagine what you could do here. At Apple, great ideas have a way of becoming great products, services, and customer experiences very quickly. Bring passion and dedication to your job and there's no telling what you could accomplish. 

The Business Process Reengineering team in India is looking for a Manager to drive global supply chain improvement programs in unlocking supply chain efficiency enabling our functional business teams to execute operations more effectively via process automation or enhanced data visibility, all while leading a high performant functional team.",,
apple,02-02-2024 15:09,1706863465-10,Project Manager - AppleCare Business Process Re-engineering,https://jobs.apple.com/en-in/details/200533948/project-manager-applecare-business-process-re-engineering?team=OPMFG,"Bengaluru, Karnataka, India",,,,,https://jobs.apple.com/en-in/search?location=india-INDC,,Posted: 1 Feb 2024,,"At least 5 - 7 years of proven experience planning, managing, and successfully delivering large cross-functional systems projectsExperience establishing program structure for optimal return-on-investment, and coordinating and delegating cross-project initiativesExperience with systems implementations and software development life cyclesExperience with global projects incorporating regional and country-specific detailsAbility to navigate through ambiguity to clarify objectives and execution plansService, support, warranty contract, and/or supply chain experience preferredProject management certification a plusExperience or exposure to S/4 HANA implementations will be an added advantageExceptional communicator (both written/verbal)","As a Business Process Reengineering Project Manager you will plan, and lead multiple projects using AppleCare BPR’s methodologies for consistently high-quality results. Host core team, leadership, and steering committee meetings, keeping core and management teams well-informed about project developments in a fast-paced environment; lead geographically-dispersed, cross-functional teams, including collaborations with third-party partners; balance project scope, schedule, and budget constraints with business needs and expectations; identify and engage all resources needed to mobilize projects; establish project roadmaps and schedules, keeping activities on track to major achievements. 

In addition, you will:  
- Manage project risk throughout the life of the project; identify, document, and drive resolution of project issues - Identify key decision recommendations and broker agreements with internal and external partners  
- Influence decisions through collaboration, leadership and customer-focused approach 
- Elicit requirements/user stories/use cases from business experts 
- Partner with technical teams to plan effective workshops for technical deliverables 
- Ensure business teams and partners are prepared for system and process changes, including training plans for knowledge transfer to sustaining teams 
- Facilitate capital planning for new projects and project scope changes, including business justifications and strategic road maps.","Bachelor’s degree or equivalent experience.   

Apple is an Equal Opportunity Employer that is committed to inclusion and diversity. We also take affirmative action to offer employment and advancement opportunities to all applicants, including minorities, women, protected veterans, and individuals with disabilities. Apple will not discriminate or retaliate against applicants who inquire about, disclose, or discuss their compensation or that of other applicants.  We will ensure that individuals with disabilities are provided reasonable accommodation to participate in the job application or interview process, to perform essential job functions, and to receive other benefits and privileges of employment. Please contact us to request accommodation.","Be inspired every day. We are idealists. Inventors. Forever tinkering with products and processes, always on the lookout for a better way. A job at Apple is one that requires a lot of you, but it’s also one that rewards forward-thinking and dedicated work. None of us here at Apple would have it any other way!

In AppleCare BPR (Business Process Re-engineering) we view inclusion and diversity as critical for innovation. That’s because our Project Managers lead the most challenging cross-functional initiatives in AppleCare, the ones that involve multiple systems and drive complex changes across the AppleCare organization and beyond. We turn ambiguity into order, and we know how to execute big projects successfully.  

As a BPR Project and Program Manager you will plan, mobilize, and execute large projects and programs, ensuring system changes are thoroughly tested and organizations are ready for process changes. You will be the prime mover of your projects including scoping, resource-planning, communications, project governance, risk management, and readiness. You’ll connect the dots, build trust and understanding between groups, and orchestrate the activities needed to make your projects successful. The ideal candidate should have experience managing large, global projects that interweave multiple functional teams and/or multiple systems.",,
apple,02-02-2024 15:09,1706863469-11,Engineering Manager - Finance & Admin Systems,https://jobs.apple.com/en-in/details/200536789/engineering-manager-finance-admin-systems?team=SFTWR,"Hyderabad, Telangana, India",,,,,https://jobs.apple.com/en-in/search?location=india-INDC,,Posted: 2 Feb 2024,,"Experience creating Java based applications hosted in containerized environments.Experience driving software design and architecture decisions.Previous leadership experience.Strong communication skills and ability to work effectively across multiple business and technical teams.Hands on experience with JUnit testing and general testing automation concepts.Hands on AWS experience working with some of the following technologies: EMR, S3, Lambda functions, CloudWatch, EC2.Highly collaborative attitude.Experience working with Microservices & Event Driven architectures.Development experience with both relational and non relational databases.Strong understanding of architectural concerns such as: Scalability, Observability, Fault Tolerance, Testability, Performance, among others.Ability to deal with ambiguity and abstraction to be able to make progress despite not always having the complete picture.","Apple’s Cellular Software team is seeking talented, highly motivated and disciplined engineers to work across layers on groundbreaking cellular technologies. The position involves identifying and/or developing core cellular technologies that solves everyday problems for customers using iPhone, iPad, Watch and other wireless product lines. We are passionate about keeping our users connected 24/7 wherever they go. This team takes pride in not just coming up with proven software designs but also in disrupting traditional models of the cellular ecosystem. We do whatever it takes to bring user experience to the next level. In this role you will be a key member of the Cellular Layer1 Control Software team with following responsibilities: Specify, design, and implement PHY/Layer1 Control Software/Firmware of a state-of-the-art mobile wireless communications system. Implement key scheduling, control processing in tight timeline, latency, and energy constraints. Assist in the development of pre-silicon emulation systems/virtual platforms and use them for pre-silicon Layer1 Control SW design and verification. Evaluate and implement leading edge tools for build, formal verification, and test. Define methodologies and standards.",Bachelors or Masters with Computer Science specialisation or equivalent.,"Imagine what you could do here. At Apple, great ideas have a way of becoming great products, services, and customer experiences very quickly. Bring passion and dedication to your job and there’s no telling what you could accomplish.   

Apple Corporate Systems team is seeking a Software Engineering Manager to build and guide a team with a vision of creating top software to support operations for different services within Apple.  This position plays a hybrid role of people leadership and technical execution. The role requires a hands on person, who is passionate about understanding the details of a problem, can think about different solutions and can lead a team by example when the time to execute comes.   You will work with a challenging set of technologies and concepts such as, Spark, Microservices, AWS, Serverless Architectures, Event Driven Architectures, Oracle, Cassandra, among others. This is an exciting role, demanding a strong technology background and collaboration skills to be able to create software that meets high standards from a functional standpoint and demands operational excellence in both production and non production environments.",,
apple,02-02-2024 15:09,1706863473-12,Cellular Software Development Engineer - L1 Control,https://jobs.apple.com/en-in/details/200517346/cellular-software-development-engineer-l1-control?team=SFTWR,"Bengaluru, Karnataka, India",,,,,https://jobs.apple.com/en-in/search?location=india-INDC,,Posted: 2 Feb 2024,,"-  Minimum BS and 3 or more years of relevant industry experience-  In-depth hands-on experience with real-time, embedded cellular 3G/4G/5G PHY L1 Software/Firmware; strong-  knowledge of embedded real-time control, sophisticated digital signal processing (DSP), communications, information theory, estimation, adaptive filtering, control loops; other advanced DSP, communication and RF topics a plus.-  Strong understanding of software engineering principles using C and/or C++, Real Time Operating Systems (RTOS) and concurrent programming.-  Working knowledge of computer architecture with particular emphasis on the HW/SW interfaces of high-speed communication subsystems.-  Experience with silicon prototyping, emulation systems, and virtual platforms.-  Experience in SW verification and HW validation utilizing scripting and/or automation frameworks with strong experience debugging embedded software systems using system simulators, spectrum analyzers, oscilloscopes, JTAG debuggers.","The Corporate Systems group at Apple primarily focuses on creative ways to engineer business solutions to meet growing needs of Apple’s Finance, iTunes, Sales, Retail, and IT Service organizations. At core, our portfolio comprises of engineered custom solutions to process very high-volume micro-transactions from Apple Music, iPhone Activations, Sales from Retail, Online, and Resellers. These solutions are based on enterprise technologies including Java, Spark, Client-side frameworks, iOS, Oracle, and No-SQL Databases. Accurately processing such high-volume transactions is our core strength.  As a Software Engineering Manager your responsibilities include leading a team of full time employees and contractors to deliver product features, following the best practices in terms of software design and development domains. Being mindful of how to run your code in production is critical. We pursue high levels of availability and stability so it is important that all software development activities are approached with a holistic mindset about what it means to run software in a production environment.  We expect you to be able to participate in design, architecture and coding activities whenever possible. There is a significant technical aspect for this role, which needs to be combined with the people aspect that will support employees careers. Also, you’ll be required to collaborate with Santa Clara and Austin teams, this is a critical part as we all attempt to pursue the same vision and need to be in constant alignment.",Bachelors in Computer Science or Equivalent.  Minimum of 4+ years as an Engineering Manager.,"Join our Wireless Technologies and Ecosystems (WTE) team and drive innovation that matters! We build and seamlessly integrate technologies that enrich people’s lives and deliver the best user-experience. We're a passionate and critical team that designs, develops and integrates software for cellular chipsets in Apple products. You will join a hands-on development team that nurtures creativity and generates novel solutions to deliver engineering perfection.

Do you have a passion for invention and self-challenge? Do you thrive on pushing the limits of what’s considered feasible. As part of a world class cellular team, you’ll craft sophisticated groundbreaking embedded software that deliver more Performance in our products than ever before. Join us, and you’ll help us innovate new cellular technologies that continually outperform the previous iterations! By collaborating with other product development groups across Apple, you’ll push the industry boundaries, redefine what wireless systems can do and improve the product experience for our customers across the world.",,
apple,02-02-2024 15:09,1706863476-13,IN-Business Expert,https://jobs.apple.com/en-in/details/200313970/in-business-expert?team=APPST,India,,,,,https://jobs.apple.com/en-in/search?location=india-INDC,,Posted: 2 Feb 2024,,"Knowledge of how businesses use technology and what Apple solutions can offer them.Comfort using the phone to interact with customers and to position business solutions.Ability to facilitate business experiences through in-store briefings, workshops and events.Contribute to an inclusive environment through respecting each others’ differences and having the curiosity to learn.Demonstrate Apple’s values of inclusion and diversity in daily activities.","As a Business Expert you introduce Apple solutions, technology and services to business customers. You spend time on the sales floor, meeting first-time and current business customers and learning their needs. You generate new leads and build relationships, connecting over the phone or through in-store workshops and events. You discover customer needs through briefings, and work with the Business Team to prepare and present proposals. For customers with more complex needs, you work with the entire Business Team to craft the ideal solutions. Finally, you inform and offer customers the complete suite of sales support options. By engaging customers to think about the possibilities of Apple technology in their businesses, you help build success — not only for your team, but for our customers as well.

Discover even more benefits of doing what you love. Apple’s most important resource, our soul, is our people. Apple benefits help further the well-being of our employees and their families in meaningful ways. No matter where you work at Apple, you can take advantage of our health and wellness resources and time-away programmes. We’re proud to provide stock grants to employees at all levels of the company, and we also give employees the option to buy Apple stock at a discount — both offer everyone at Apple the chance to share in the company’s success. You’ll discover many more benefits of working at Apple, such as programmes that match your charitable contributions, reimburse you for continuing your education and give you special employee pricing on Apple products.

Note: Apple benefits programmes vary by country and are subject to eligibility requirements.",,"Do you love to collaborate and help businesses thrive?   At the Apple Store, you connect business professionals and entrepreneurs with the tools they need in order to put Apple solutions to work in their businesses. As a Business Expert you help them learn about Apple products and explore various possibilities. You’re part of a team that’s passionate about helping businesses succeed. With your understanding of business needs and enthusiasm for Apple, you find great satisfaction in offering powerful, innovative solutions to each customer. You work with others to foster a culture where everyone belongs and is inspired to do their best work.","• You have at least one year of business sales experience.• You’re comfortable developing qualified leads by phone.• You have strong people and presentation skills, and excellent verbal communication skills.• You’re fluent in the local language.• You’ll need to be flexible with your schedule. Your work hours will be based on business needs.",
apple,02-02-2024 15:09,1706863479-14,IN-Creative,https://jobs.apple.com/en-in/details/200313991/in-creative?team=APPST,India,,,,,https://jobs.apple.com/en-in/search?location=india-INDC,,Posted: 2 Feb 2024,,Passion for education and ability to instruct by letting users learn by doing.Ability to teach small groups and multiple customers simultaneously.Tenacity to work with users to help them get the most out of their devices.Contribute to an inclusive environment through respecting each others’ differences and having the curiosity to learn.Demonstrate Apple’s values of inclusion and diversity in daily activities.,"As a Creative, your main role at the Apple Store is that of instructor, whether guiding small groups to learn or helping individuals. You use your presentation skills to act as a facilitator, helping users get set up, get trained and get going. But you're also an excellent listener, taking the time to understand what each user hopes to achieve or learn. By adjusting your teaching style to each user’s individual skill level, you maximise their understanding and your own time. You recognise that purchasing a new product can sometimes help customers attain their goals. You spend much of your time leading scheduled sessions, but you’re still comfortable interacting with store customers between those sessions. You’re proud to enrich the lives of others — whether customers or team members — through teaching, in the way only a Creative can.",,"Do you have a passion for connecting with other people? As a Creative, you inspire creativity by sharing your knowledge with Apple Store visitors — first-timers or long-time loyal customers alike. You’re the foundation of the Apple Store’s welcoming environment that invites individuals to share their ideas and learn how to bring their visions to life. Those who work alongside you are knowledgeable teammates just as eager to share their skills as they are to learn more. Nothing gives you a greater thrill than empowering a customer to create something wonderful. You work with others to foster a culture where everyone belongs and is inspired to do their best work.

Both full-time and part-time jobs are available.","• You’re comfortable selling as well as teaching, helping your team members out as needed.• You’re self-motivated and self-directed, and can adhere to a tightly structured training schedule.• You can be adept at recommending other in-store support options, such as business services and the Genius Bar.• You’re fluent in the local language.• You’ll need to be flexible with your schedule. Your work hours will be based on business needs.",
apple,02-02-2024 15:09,1706863482-15,IN-Business Pro,https://jobs.apple.com/en-in/details/200314003/in-business-pro?team=APPST,India,,,,,https://jobs.apple.com/en-in/search?location=india-INDC,,Posted: 2 Feb 2024,,"At least three years of success and high performance in sales of technology or business solutions, or equivalent.Proven ability to take a personalised, solution-based approach to customer needs.Advanced consultative expertise in Apple and third-party solutions, mobility adoption and business transformation.Contribute to an inclusive environment through respecting each others’ differences and having the curiosity to learn.Demonstrate Apple’s values of inclusion and diversity in daily activities.","As a Business Pro, it’s your job to drive sales and awareness of Apple’s products for the business community. You keep customers engaged by leading briefings and workshops that showcase how Apple and third-party technology and services can help them build success. With the help of customer relationship management (CRM) tools, you plan and forecast business performance through account management, pipeline building and opportunity management. You develop account plans to start and expand adoption of solutions across the Apple ecosystem — and deepen adoption within an organisation. To ensure compliance with policies and procedures, you maintain a deep understanding of all retail business programmes and offerings. Working closely with store leadership, you assess accounts’ individual needs and work to support the transition of those accounts to the Apple team that will best meet the customer’s specific needs.??

Discover even more benefits of doing what you love. Apple’s most important resource, our soul, is our people. Apple benefits help further the well-being of our employees and their families in meaningful ways. No matter where you work at Apple, you can take advantage of our health and wellness resources and time-away programmes. We’re proud to provide stock grants to employees at all levels of the company, and we also give employees the option to buy Apple stock at a discount — both offer everyone at Apple the chance to share in the company’s success. You’ll discover many more benefits of working at Apple, such as programmes that match your charitable contributions, reimburse you for continuing your education and give you special employee pricing on Apple products.

??Note: Apple benefits programmes vary by country and are subject to eligibility requirements.",,"Are you passionate about driving sales, building relationships and consulting with customers on business solutions? Do you want to connect entrepreneurs and professionals with the tools they need to build success? As a Business Pro, you help customers discover how Apple products can transform the way they work — and you build loyalty by maintaining those customer relationships. In this role, you serve as both a resource and a mentor to your fellow Apple Store team members. You also partner with store leadership to find opportunities to connect customers with powerful tools and solutions that help their business thrive. You work with others to foster a culture where everyone belongs and is inspired to do their best work.","•  You possess strong business insight, as well as general knowledge of key small business industries, technology trends in communities and business challenges.•  You have excellent listening, influencing, negotiation and interpersonal skills to establish positive relationships with customers, as well as within Apple and our team.•  You have extraordinary written and verbal communication skills, in person and on the phone.•  You can work effectively with business owners and executives across all organisational levels.•  You have a proven ability to connect with people, manage processes efficiently and prioritise without sacrificing the customer experience.•  You can adapt in a dynamic, ever-changing retail environment.",
apple,02-02-2024 15:09,1706863485-16,IN-Expert,https://jobs.apple.com/en-in/details/200314010/in-expert?team=APPST,India,,,,,https://jobs.apple.com/en-in/search?location=india-INDC,,Posted: 2 Feb 2024,,"Demonstrated proficiency in technology, particularly Apple products, and the ability to quickly learn about new products.Proven experience in sales and technology solutions, as well as in developing customer loyalty.Ability to consistently deliver great customer experiences — no matter what the situation.Contribute to an inclusive environment through respecting each others’ differences and having the curiosity to learn.Demonstrate Apple’s values of inclusion and diversity in daily activities.","You’re a leader in sales, product knowledge and solutions, and highly influential in how you engage with customers. But you also know how to turn mild customer curiosity into intense interest — and ownership. As new products and initiatives emerge, you’re the first to learn, share and inspire your team members through approachability and action. You always meet, and at times exceed, your established performance goals. You’re proud to represent Apple, and you exemplify that in all your interactions with customers.

Discover even more benefits of doing what you love. Apple’s most important resource, our soul, is our people. Apple benefits help further the well-being of our employees and their families in meaningful ways. No matter where you work at Apple, you can take advantage of our health and wellness resources and time-away programmes. We’re proud to provide stock grants to employees at all levels of the company, and we also give employees the option to buy Apple stock at a discount — both offer everyone at Apple the chance to share in the company’s success. You’ll discover many more benefits of working at Apple, such as programmes that match your charitable contributions, reimburse you for continuing your education and give you special employee pricing on Apple products.

Note: Apple benefits programmes vary by country and are subject to eligibility requirements.",,"Are you passionate about sharing your knowledge of Apple products? We’re looking for people who get great satisfaction from helping people develop lifelong relationships with Apple every day. The Apple Store is a retail environment like no other — uniquely focused on delivering amazing customer experiences. As an Expert, whether you work full-time or part-time, you introduce people to the exciting world of Apple, having meaningful interactions, offering customised solutions and turning curious visitors into loyal customers. With a deep understanding of Apple products and services, you spend time mentoring team members and serving as a role model for your team.  You work with others to foster a culture where everyone belongs and is inspired to do their best work.

Both full-time and part-time jobs are available.","• You’re passionate about Apple, and you inspire and educate others about all that Apple has to offer.• You can set the standard for Apple’s unique style of service through words and action.• You have strong people skills — you’re approachable, a good listener and empathetic.• You can serve as an engaging role model to Specialists.• You’re fluent in the local language.• You’ll need to be flexible with your schedule. Your work hours will be based on business needs.",
apple,02-02-2024 15:09,1706863488-17,IN-Genius,https://jobs.apple.com/en-in/details/200314015/in-genius?team=APPST,India,,,,,https://jobs.apple.com/en-in/search?location=india-INDC,,Posted: 2 Feb 2024,,Strong people skills and a knack for problem solving.Ability to maintain composure and customer focus while troubleshooting and solving technical issues.Ability to adhere to a schedule of customer appointments.Contribute to an inclusive environment through respecting each others’ differences and having the curiosity to learn.Demonstrate Apple’s values of inclusion and diversity in daily activities.,"As a Genius, you provide insightful advice and friendly, hands-on technical support to Apple customers in need. You quickly diagnose product issues on the spot, explaining situations with patience and compassion. After determining whether repairs can be done or a replacement is needed, you offer solutions to quickly get users up and running again. Even if you’re juggling more than one customer, you stay conscious of their time demands as well as your own. You fulfil Apple’s service commitment with style, speed and skill. And you earn the trust of customers and co-workers alike as you offer mentorship, knowledge and even tips and training. At Apple, we care about improving our services. We’re looking for people who identify problems and provide feedback to ensure our customer service stays relevant and current.

Discover even more benefits of doing what you love. Apple’s most important resource, our soul, is our people. Apple benefits help further the well-being of our employees and their families in meaningful ways. No matter where you work at Apple, you can take advantage of our health and wellness resources and time-away programmes. We’re proud to provide stock grants to employees at all levels of the company, and we also give employees the option to buy Apple stock at a discount — both offer everyone at Apple the chance to share in the company’s success. You’ll discover many more benefits of working at Apple, such as programmes that match your charitable contributions, reimburse you for continuing your education and give you special employee pricing on Apple products.

Note: Apple benefits programmes vary by country and are subject to eligibility requirements.",,"Do you have a passion for hands-on problem solving? Do you love helping others by sharing your technical knowledge? At the Apple Store, whether you work full-time or part-time, you maintain customers’ trust in Apple as a skilled technician, troubleshooting and repairing products. You use your amazing diagnostic and people skills to assure Genius Bar customers of swift resolutions to their technical issues. You offer advice on accompanying accessories that will further improve the customer’s experience with Apple products. You also educate your team members about products, while independently keeping your own technical know-how up to date. With your customer service brilliance and empathetic nature, you provide Genius advice and support to both customers and team members. You work with others to foster a culture where everyone belongs and is inspired to do their best work.

Both full-time and part-time jobs are available.","• An aptitude for acquiring skills in technical repairs and an eagerness to learn about all Apple products and devices.• Excellent prioritisation skills and an ability to make decisions quickly.• Excellent verbal and written communications skills.• Success in team environments, demonstrating shared responsibility and accountability with other team members.• You’re fluent in the local language• Flexibility with your schedule. Your work hours will be based on business needs.",
apple,02-02-2024 15:09,1706863491-18,IN-Operations Expert,https://jobs.apple.com/en-in/details/200314033/in-operations-expert?team=APPST,India,,,,,https://jobs.apple.com/en-in/search?location=india-INDC,,Posted: 2 Feb 2024,,"Ability to think quickly and perform problem-solving tasks, even within changing conditions.Leadership skills, whether guiding by example or coaching a group.Strong organisational skills, quickly evaluating every situation.Contribute to an inclusive environment through respecting each others’ differences and having the curiosity to learn.Demonstrate Apple’s values of inclusion and diversity in daily activities.","As an Operations Expert, you and your team have the incredible responsibility of ensuring products take the final step in the supply chain: getting into customers' hands. You're in charge of the store's entire inventory — products, parts, tools, supplies and everything else. You make sure your team has the support, knowledge and resources required to maintain product availability, complete inventory tasks and keep the stockroom organised as new products arrive. You're in constant contact with the management and leadership teams, sharing data about the status of products and parts. And when exciting new products arrive, you're the first to open them up and present them to the entire store team. Apple makes the products, but you make it happen by being ready to place our products in customers' hands.

Discover even more benefits of doing what you love. Apple’s most important resource, our soul, is our people. Apple benefits help further the well-being of our employees and their families in meaningful ways. No matter where you work at Apple, you can take advantage of our health and wellness resources and time-away programmes. We’re proud to provide stock grants to employees at all levels of the company, and we also give employees the option to buy Apple stock at a discount — both offer everyone at Apple the chance to share in the company’s success. You’ll discover many more benefits of working at Apple, such as programmes that match your charitable contributions, reimburse you for continuing your education and give you special employee pricing on Apple products.

Note: Apple benefits programmes vary by country and are subject to eligibility requirements.",,"Do you love how it feels to make someone’s day?   As an Operations Expert, you know better than anyone else the satisfaction of getting the latest Apple product into your hands. So it’s up to you to make sure customers are just as satisfied. By guiding and mentoring your team, you help keep pace with changing demands and make sure every product and demo machine is where it should be. At the end of the day, it’s your organisational skills and dedication that are at the heart of what the Apple Store does — connecting people to the products they love. You work with others to foster a culture where everyone belongs and is inspired to do their best work.

Both full-time and part-time jobs are available.",• You can manage and meet multiple inventory deadlines each week.• You’re willing to observe guidelines to allow secure access to products and movement through the stockroom.• You’re fluent in the local language.• You’ll need to be flexible with your schedule. Your work hours will be based on business needs.,
apple,02-02-2024 15:09,1706863494-19,IN - Specialist,https://jobs.apple.com/en-in/details/200314117/in-specialist?team=APPST,India,,,,,https://jobs.apple.com/en-in/search?location=india-INDC,,Posted: 2 Feb 2024,,"You have agility to learn new products and features with an interest in technology, particularly Apple products.Ability to deliver great customer experiences in any environment and to be invigorated by constant personal interaction.Strong communication skills that let you converse as freely and comfortably with small groups as with individual customers.Contribute to an inclusive environment through respecting each others’ differences and having the curiosity to learn.Demonstrate Apple’s values of inclusion and diversity in daily activities.","As a Specialist, you’ll become highly skilled at uncovering customers’ needs, then following through with meaningful solutions. Not only are you the first person customers meet when they enter the store, but you’ll be the person who guides them — advising, selling, and even setting up their new products. You perform other roles within the store too, whether it’s maintaining visual merchandising or assisting team members. Always curious, you stay on top of news about products and initiatives, ready to apply your learning in customer interactions. You’ll be provided with training to be successful. Your success is measured by team and individual productivity as well as overall store performance. You’re proud to represent Apple, and you get great satisfaction from helping customers develop lifelong relationships with Apple. 

Discover even more benefits of doing what you love. Apple’s most important resource, our soul, is our people. Apple benefits help further the well-being of our employees and their families in meaningful ways. No matter where you work at Apple, you can take advantage of our health and wellness resources and time-away programs. We’re proud to provide stock grants to employees at all levels of the company, and we also give employees the option to buy Apple stock at a discount — both offer everyone at Apple the chance to share in the company’s success. You’ll discover many more benefits of working at Apple, such as programs that match your charitable contributions, reimburse you for continuing your education, and give you special employee pricing on Apple products.

Note: Apple benefits programs vary by country and are subject to eligibility requirements.",,"Do you love how it feels to help others? The Apple Store is dedicated to delivering a customer experience that’s unlike any other. As a Specialist, it starts with you discovering customers’ needs. And with the support of your store team members, you match those needs with the right products. Every day is an opportunity for you to turn another Apple Store visitor into a loyal Apple customer. You work with others to foster a culture where everyone belongs and is inspired to do their best work.

In this role, you could work full-time, part-time, or part-time temporary.","• You’re passionate about Apple and eager to share that passion with others.• You’re willing to learn and embrace Apple’s unique style of service.• You have strong people skills — you’re approachable, a good listener and empathetic.• You’re fluent in the local language.• You’ll need to be flexible with your schedule. Your work hours will be based on business needs.",
apple,02-02-2024 15:09,1706863498-20,IN-Technical Specialist,https://jobs.apple.com/en-in/details/200314122/in-technical-specialist?team=APPST,India,,,,,https://jobs.apple.com/en-in/search?location=india-INDC,,Posted: 2 Feb 2024,,"Ability to assess customers’ support needs when they arrive, then provide solutions or refer them to other team membersFlexibility to regularly rotate through different technical specialities and skill setsAbility to thrive on change as products evolveContribute to an inclusive environment through respecting each others’ differences and having the curiosity to learn.Demonstrate Apple’s values of inclusion and diversity in daily activities.","As a Technical Specialist, you help new owners get started and current ones get quick, efficient support — developing strong, positive relationships with Apple. When a customer needs assistance, you quickly assess their situation. Sometimes you take care of customers with advice or a solution on the spot, using your knowledge of current Apple technology to help with iPod, iPhone and iPad devices. At other times, you refer customers to support team members who get them up and running again. You even provide personal training for new customers, helping them acquire the basic skills they need to get started on photo, video and music projects. The entire store team benefits from your commitment to providing the best care for customers. By helping Apple maintain strong relationships with customers, you are instrumental to our success.

Discover even more benefits of doing what you love. Apple’s most important resource, our soul, is our people. Apple benefits help further the well-being of our employees and their families in meaningful ways. No matter where you work at Apple, you can take advantage of our health and wellness resources and time-away programmes. We’re proud to provide stock grants to employees at all levels of the company, and we also give employees the option to buy Apple stock at a discount — both offer everyone at Apple the chance to share in the company’s success. You’ll discover many more benefits of working at Apple, such as programmes that match your charitable contributions, reimburse you for continuing your education and give you special employee pricing on Apple products.

Note: Apple benefits programmes vary by country and are subject to eligibility requirements.",,"Do you love how it feels to help others?  After customers purchase our products, you’re the one who helps them get more out of their new Apple technology. Your day in the Apple Store is filled with a range of focused support and service tasks. Whether you’re helping customers get started with the Mac or finding answers to their questions about other Apple devices, you’re ready to share knowledge and provide exceptional assistance. You gain satisfaction from bringing resolution and insight to each customer, elevating his or her relationship with Apple to the next level.

Both full-time and part-time jobs are available.",• You have excellent time management skills and can make decisions quickly.• You maintain composure and customer focus while troubleshooting and solving issues.• You reassure customers when delivering product diagnoses and potential solutions.• You’re fluent in the local language.,
