oracle,05-02-2024 16:51,1706596185-1,Senior Member Technical Staff,https://careers.oracle.com/jobs/#en/sites/jobsearch/job/225097/?lastSelectedFacet=LOCATIONS&selectedLocationsFacet=300000000106947,"BENGALURU, KARNATAKA, India
India",Regular Employee,"As a senior member of technical staff, you will own the software design and development for major components of Oracle Cloud Infrastructure. You should be a rock-solid service developer with a hands on experience in developing services and applications. You should be able to delve deep into any part of service / application development as well as design highly scalable applications supported by backend services. You should value simplicity and scale and work comfortably in a collaborative, geographically distributed team and be excited to learn and teach.
As a member of the software engineering division, you will take an active role in the definition and evolution of standard practices and procedures. You will be responsible for defining and developing software for tasks associated with the developing, designing and debugging of software applications or operating systems.
Work is non-routine and very complex, involving the application of advanced technical/business skills in area of specialization. Leading contributor individually and as a team member, providing direction and mentoring to others. BS or MS degree or equivalent experience relevant to functional area. 5-12 years of software engineering or related experience.",,,https://careers.oracle.com/jobs/#en/sites/jobsearch/requisitions?lastSelectedFacet=LOCATIONS&selectedLocationsFacet=300000000106947,https://www.oracle.com/a/ocom/img/oracle-rgb-c74634.png,"01/29/2024, 08:18 AM",6 to 10+ years,,"Job Description
        

        Cloud Engineering Development
The Oracle Cloud Infrastructure (OCI) team provides you the opportunity to build and operate a suite of massive scale, integrated cloud services in a broadly distributed, multi-tenant cloud environment. OCI is committed to providing the best in cloud products that meet the needs of our customers who are tackling some of the world's biggest challenges.
Group Description
The Operations group has been the focus point for bringing stabilization to the overall services, thereby help in service maturity. Our group owns the charter to build services, tools, systems, and processes that enhance OCI Operability through improved observability, testing, and automation to OCI (Oracle Cloud Infrastructure) services. We are working on exciting technologies to detect Large Scale Events (outages) in an automated fashion before they happen.
Position Overview
We are looking for a full stack engineer with expertise and real-world experience in developing and architecting applications that are used at scale. You should be comfortable with API Development as well as front end application development. These are exciting time in our space, we are growing fast, still at an early stage and working on ambitious new initiatives
Required Skills
3-5+ Years of experience delivering and operating large scale services / applications.
Strong knowledge of Java, Python, Go 
Writes correct, secure, maintainable, robust code and appropriate tests
Collaborates on identifying and mitigating risks in their project.
Strong Understanding of Application Frameworks like Dropwizard, Springboot
Experience working with RESTful Services
Preferred Skills
Experience architecting services on OCI, AWS, Azure or Google Cloud 
Hands on experience building large scale services through entire software development lifecycle 
Excellent written and verbal communication skills with the ability to present complex information in a clear, concise manner to all audiences. 
Results driven; thrives in a development environment that is agile, collaborative and in start-up mode, even when faced with ambiguity.
Trusted to serve as Tier2 or specialized escalation point for operations events.
Develops new metrics and dashboards to improve situational awareness.
Design, develop, troubleshoot and debug software programs for databases, applications, tools, networks etc.",,,,"Required Skills
        

        
            

            
                Debugging Of Software Applications
            
                Dropwizard
            
                Java (Programming Language)
            
                Python (Programming Language)
            
                REST services
            
                Software Design And Development
            
                Tool Development"
oracle,05-02-2024 16:51,1706596192-2,NetSuite Principal Consultant,https://careers.oracle.com/jobs/#en/sites/jobsearch/job/223682/?lastSelectedFacet=LOCATIONS&selectedLocationsFacet=300000000106947,"HYDERABAD, TELANGANA, India
BENGALURU, KARNATAKA, India",Regular Employee,"Be passionately customer-focused; relentlessly pursue providing an excellent customer experience every time.
 Establish, maintain and deepen client relationships by providing results and going above and beyond.
 Deliver 10+ concurrent projects using the defined Oracle NetSuite delivery methodology.
 Plan, manage and communicate the progress of projects, achieving project milestones and maintaining project momentum.
 Identify and effectively mitigate risks.
 Facilitate resolution of issues and roadblocks, advance when appropriate.
 Communicate well with all collaborators, internal and external, including project sponsors, project managers, and project team members.
 Work collaboratively with project delivery leads and project resources.
 Effectively manage scope, budget, timeline, resources, quality and customer satisfaction throughout the project.
 Communicate effectively with and project-manage remote resources in a matrix environment, including offshore resources.
 Forecast and deliver against committed hours for your project portfolio.
 Deliver a diverse scope of services where project management requires analysis of numerous factors.
 Maintain up-to-date knowledge of and compliance with internal processes and procedures.
 Support the Sales cycle through scoping of PS engagements, Executive-level prospect meetings, and solution reviews
 Help to expand PS Sales in installed base of existing customers
 Present and promote the value of NetSuite Professional Services to prospective customers.
 Shift range between 2 pm and 6 am.",,,https://careers.oracle.com/jobs/#en/sites/jobsearch/requisitions?lastSelectedFacet=LOCATIONS&selectedLocationsFacet=300000000106947,https://www.oracle.com/a/ocom/img/oracle-rgb-c74634.png,"01/29/2024, 11:30 AM",0 to 2+ years,,"Job Description
        

        The Project Manager will primarily be responsible for managing the delivery of Oracle NetSuite Professional Services’ implementations of the Oracle NetSuite application. Under the guidance of the Oracle NetSuite delivery methodology, the resource will drive the delivery of Oracle NetSuite’s Professional Services engagements according to the agreed upon scope, time and budget – all while ensuring the highest degree of customer satisfaction.
The Project Manager is a key player in leading, tracking and communicating the progress of projects, and in ensuring the quality delivery of Oracle NetSuite’s Professional Services. The Project Manager will be responsible for planning customer specific engagements, leading the business requirements development, review and signoff process, leading the execution of results while controlling scope, completing the organisational change process when needed, and ensuring timely resolution of discrepancies and project roadblocks. The Project Manager will lead multiple concurrent projects and work with a number of resources within a matrix environment. 
From initiation through to completion, the Project Manager will be responsible for the construction, presentation and sign-offs of key results such as project kickoff presentations, project plans, regular status reports, risk and issue logs, and working with the appropriate teams on change orders when required. They will also facilitate planning sessions at various stages of the project lifecycle. Critical to the success of this role will be the setting and management of customer expectations with regard to project scope, the Oracle NetSuite delivery model, collaborator roles and responsibilities, timelines, blocking issue and organisational change processes, communication and risk management plans.",,,,"Required Skills
        

        
            

            
                Project Management"
oracle,05-02-2024 16:51,1706596199-3,Software Developer 2,https://careers.oracle.com/jobs/#en/sites/jobsearch/job/223537/?lastSelectedFacet=LOCATIONS&selectedLocationsFacet=300000000106947,"BENGALURU, KARNATAKA, India",Regular Employee,"As a member of the software engineering division, you will apply basic to intermediate knowledge of software architecture to perform software development tasks associated with developing, debugging or designing software applications or operating systems according to provided design specifications. Build enhancements within an existing software architecture and occasionally suggest improvements to the architecture.",,,https://careers.oracle.com/jobs/#en/sites/jobsearch/requisitions?lastSelectedFacet=LOCATIONS&selectedLocationsFacet=300000000106947,https://www.oracle.com/a/ocom/img/oracle-rgb-c74634.png,"01/29/2024, 10:56 PM",3 to 5+ years,,"Job Description
        

        Design, develop, troubleshoot and debug software programs for databases, applications, tools, networks etc.Business Intelligence (BI) is one of the fastest growing segments of the software industry. Business Intelligence Tools allow analytics and executives to get the information they need to make critical strategic decisions in a fast-paced rapidly changing business world. Our customers are typically users who are unfamiliar with database schema and technology, so we focus on building Next generation Self-Service Data Discovery and Analytics platform. This team provide you the opportunity to build and operate a suite of massive scale, integrated cloud services in a broadly distributed, multi-tenant cloud environment. 
For this position, we are seeking a full stack developer to join our growing team in the United States. 
The Full Stack Java Developer understands all phases of software development, including UI / User Interface design and development, microservices design and development, relational and non-relational DBs, APIs and external integration, quality assurance, security, and infrastructure. The Full Stack Java Developer has the ability to understand business functions and user stories, decompose them into technical specifications, and develop working application code for a hybrid cloud environment. The candidate must have experience in working and leading Agile squads consisting of other IT Architects, Business Analysts, Developers, and Testers, with squads that are both co-located and distributed onshore and offshore. The candidate must also be comfortable in working on-site with commercial clients, and have the ability to present to client IT and business stakeholders. 
Qualifications 
    BS or higher degree in Computer Science, Computer Engineering or equivalent with 3+ years of applied experience
    Expert programmer in Java
    Expert programmer using web UI technologies like JavaScript, CSS, html5, Knockout.js, Oracle JET, AJAX that meet functional specifications
    Create RESTful web services using Java, Spring, Spring Boot, JPA
    Strong knowledge of SQL and RDBMS database design
    Develop responsive UI that works on various screen sizes
    Thorough understanding of Java EE architecture, with a focus on EJBs, JPA, and JAX-RS web services
    Collaborate with UI Designer to prototype the user experience during the design phase
    Develop unit and integration tests using Java and JavaScript testing frameworks
    Troubleshoot and resolve performance issues in the web application
    Experience with agile software development
Desired Skills
    Be a champion for CI/CD and development best practices, especially around automation and testing
    Familiarity with Big Data Analytics
    Familiarity with ETL tools
 
Detailed Description and Job Requirements
 Design, develop, troubleshoot and debug software programs for databases, applications, tools, networks etc.
As a member of the software engineering division, you will assist in defining and developing software for tasks associated with the developing, debugging or designing of software applications or operating systems. Provide technical leadership to other software developers. Specify, design and implement modest changes to existing software architecture to meet changing needs.
Duties and tasks are varied and complex needing independent judgment. Fully competent in own area of expertise. May have project lead role and or supervise lower level personnel. BS or MS degree or equivalent experience relevant to functional area. 4 years of software engineering or related experience.",,,,"Required Skills
        

        
            

            
                Java (Programming Language)
            
                Spring Boot"
oracle,05-02-2024 16:51,1706596207-4,"Core Banking Java, Microsoervices Developer",https://careers.oracle.com/jobs/#en/sites/jobsearch/job/222460/?lastSelectedFacet=LOCATIONS&selectedLocationsFacet=300000000106947,"BENGALURU, KARNATAKA, India
India",Regular Employee,"Primary SkillsShould have thorough technical and business knowledge in FCUBS Core, CURRENT AND SAVINGS ACCOUNTS, Teller, Deposit, INTEREST AND CHARGES, Payment, Lending and corporate Modules.Good experience in Oracle DB, Oracle SQL, PL/SQL, Java, JavaScript, XML and J2EE, Micro services, Spring Boot, Ojet, RAD tools.Interact and communicate with client Business / IT Teams independentlyAnalyze solution approaches, estimations, standard methodologies, project risks and recommendations.Ability to understand client requirements and map them to ‘off-the-shelf’ products or product features to decide whether they would be more suitable than building a new system from scratch.Lead technical team members in Development or Implementation or Managed Service activity.Participate and lead, the project meetings and Product-Walkthrough workshops with the Customer.Excellent analytical, presentation and communications skills, demonstrable ability to translate business requirements into technology specifications.Excellent knowledge of banking terminologies, concepts and processesGood communication & documentation skills in EnglishAnalyze solution approaches, estimations, standard methodologies, project risks and recommendations.Good Team handling skillsPlan, manage and communicate the progress of the project, achieving project achievements and maintaining momentum of the projectUse a mix of global resources within a matrix environmentFacilitate resolution of issues and roadblocksDemonstrated experience in translating customer business requirements into workable business solutions either as software solutions or as re-engineering initiativesQuickly assesses customer needs, develops innovative plans to solve complex business workflowSecondary SkillsKnowledge of FCUBS version 14.x modules like OBPM, OBLM, OBVAM functionality.Working knowledge of Oracle development tools, WebLogic server deployments, Oracle DatabaseFunctional knowledge of banking systems.Exposure to software development processes and practices, Testing toolsAwareness of the newest technologies in BankingFunctional knowledge of banking systems.Good Problem solving skillsKnowledge on Islamic modules are added advantageDiversity and Inclusion:
An Oracle career can span industries, roles, Countries, and cultures, allowing you to flourish in new roles and innovate while blending work life in. Oracle has thrived through 40+ years of change by innovating and operating with integrity while delivering for the top companies in almost every industry.To nurture the talent that makes this happen, we are committed to an inclusive culture that celebrates and values diverse insights and perspectives, a workforce that inspires thought leadership and innovation.Oracle offers a highly driven suite of Employee Benefits designed on the principles of parity, consistency, and affordability. The overall package includes certain core elements such as Medical, Life Insurance, access to Retirement Planning, and much more. We also encourage our employees to engage in the culture of giving back to the communities where we live and do business.At Oracle, we believe that innovation starts with diversity and inclusion and to create the future we need talent from various backgrounds, perspectives, and abilities. We ensure that individuals with disabilities are provided reasonable accommodation to successfully participate in the job application, and interview process, and in potential roles. to perform crucial job functions.That’s why we’re committed to creating a workforce where all individuals can do their best work. It’s when everyone’s voice is heard and valued that we’re inspired to go beyond what’s been done before.",,,https://careers.oracle.com/jobs/#en/sites/jobsearch/requisitions?lastSelectedFacet=LOCATIONS&selectedLocationsFacet=300000000106947,https://www.oracle.com/a/ocom/img/oracle-rgb-c74634.png,"01/29/2024, 02:29 PM",10+ years,,"Job Description
        

        You will Interact and communicate with client Business / IT Teams independently
You will analyze solution approaches, estimations, standard methodologies, project risks and recommendations.
You will understand client requirements and map them to ‘off-the-shelf’ products or product features to decide whether they would be more suitable than building a new system from scratch.
You will Lead technical team members in Development or Implementation or Managed Service activity.
You will Participate and lead, the project meetings and Product-Walkthrough workshops with the Customer.
You will be the key member of projects and will be the go-to person for day to day tasks under projects and will be leading a team of people to execute tasks.",,,,"Required Skills
        

        
            

            
                Business Requirements
            
                Oracle DB
            
                Oracle development tools
            
                Team Leadership"
oracle,05-02-2024 16:51,1706596214-5,Consulting Sales  Director,https://careers.oracle.com/jobs/#en/sites/jobsearch/job/221256/?lastSelectedFacet=LOCATIONS&selectedLocationsFacet=300000000106947,India,Regular Employee,"Job Description: Responsibilities and job requirements 

Description

Handles sales of Oracle consulting services. Handles the activities of Consulting Sales organization in support of achieving sales objectives. Sells and promotes the sales of Oracle consulting services to customers including negotiating price, other concessions and terms and conditions of the sale. Networks and develops strong business relationships. Chips in to strategic and tactical planning for the division. Responsible for coaching, performance management, and career development of staff. Participates in the recruiting process and makes hiring decisions. Manages budget. Handles partner concerns

Requirements

Strong leadership skills. Strong communication and negotiation skills. Industry experience. Able to develop executive level relationships. Strong Oracle product knowledge preferred. BA/BS preferred. 15+ years relevant sales experience. Experience managing staff. Willing to travel regionally. Assist in the development of short, medium, and long term plans to achieve strategic objectives. Regularly interact across functional areas with senior management or executives to ensure unit objectives are met. Able to influence thinking or gain acceptance of others in sensitive situations.

inspiring change Demonstrates resilience in inspiring change Evaluates and takes measured risk Handles high levels of ambiguity effectively Secures commitment for change initiatives and addresses any concerns.

BUILDING STRATEGIC PARTNERSHIPS Secures broad support for initiatives from key players across lines of business (LOB) Actively builds connections and partnerships with others across organizational, cultural, and global boundaries Addresses and resolves conflict or competing priorities that may become barriers to collaboration Integrates global inclusion strategies/behaviors into business strategy and plans.

ORGANIZATIONAL INFLUENCING Builds collaborator relationships to gain internal and external support and backing Presents and articulates complex concepts and ideas in a persuasive and easy to understand manner Cultivates networks throughout the organization to support and create a foundation for future influence.

DRIVING COMPETITIVENESS AND INNOVATION Uses deep customer understanding to deliver competitive advantage Establishes systems and processes that create an environment that allows for exploration of new ideas Builds value across multiple lines of business Proactively addresses changing priorities and operating environment.

COMPLEX DECISION-MAKING Provides balanced judgment and demonstrates problem-solving skills in very complex and ambiguous situations Demonstrates ethical, balanced judgment and decisiveness when consequences of the decision involve potential risk to business results, team, or self Recognizes the broad, systematic implications of problems and issues

LOB EXECUTION Develops and performs operational plans that deliver business results Holds self and others accountable for achieving targets/objectives Maintains deep insight into the details; knows when to step in to correct course of action Identifies potential barriers to performance and creates contingency plans Maintains quality standards and delivery of timely results across teams. Responsible for selling the Oracle consulting services. Develops new accounts and/or expands existing accounts within an established geographic territory, industry, product segment, or channel. Diversity and Inclusion:An Oracle career can span industries, roles, Countries and cultures, giving you the opportunity to flourish in new roles and innovate, while blending work life in. Oracle has thrived through 40+ years of change by innovating and operating with integrity while delivering for the top companies in almost every industry.In order to nurture the talent that makes this happen, we are committed to an inclusive culture that celebrates and values diverse insights and perspectives, a workforce that inspires thought leadership and innovation. Oracle offers a highly competitive suite of Employee Benefits designed on the principles of parity, consistency, and affordability. The overall package includes certain core elements such as Medical, Life Insurance, access to Retirement Planning, and much more. We also encourage our employees to engage in the culture of giving back to the communities where we live and do business.At Oracle, we believe that innovation starts with diversity and inclusion and to create the future we need talent from various backgrounds, perspectives, and abilities. We ensure that individuals with disabilities are provided reasonable accommodation to successfully participate in the job application, interview process, and in potential roles. to perform crucial job functions.That’s why we’re committed to creating a workforce where all individuals can do their best work. It’s when everyone’s voice is heard and valued that we’re inspired to go beyond what’s been done before.",,,https://careers.oracle.com/jobs/#en/sites/jobsearch/requisitions?lastSelectedFacet=LOCATIONS&selectedLocationsFacet=300000000106947,https://www.oracle.com/a/ocom/img/oracle-rgb-c74634.png,"01/29/2024, 01:11 PM",10+ years,,"Job Description
        

        Responsible for sales of Oracle consulting services.
Job Description: Responsibilities and job requirements 

Description

Manages sales of Oracle consulting services. Manages the activities of Consulting Sales organization in support of achieving sales objectives. Sells and promotes the sales of Oracle consulting services to customers including negotiating price, other concessions and terms and conditions of the sale. Networks and develops strong business relationships. Contributes to strategic and tactical planning for the division. Responsible for coaching, performance management, and career development of staff. Participates in the recruiting process and makes hiring decisions. Manages budget. Handles partner concerns

Requirements

Strong leadership skills. Strong communication and negotiation skills. Industry experience. Able to develop executive level relationships. Strong Oracle product knowledge preferred. BA/BS preferred. 15+ years relevant sales experience. Experience managing staff. Willing to travel regionally. Assist in the development of short, medium, and long term plans to achieve strategic objectives. Regularly interact across functional areas with senior management or executives to ensure unit objectives are met. Able to influence thinking or gain acceptance of others in sensitive situations.

leading change Demonstrates resilience in inspiring change Evaluates and takes measured risk Handles high levels of ambiguity effectively Secures commitment for change initiatives and addresses any concerns.

BUILDING STRATEGIC PARTNERSHIPS Secures broad support for initiatives from key players across lines of business (LOB) Actively builds connections and partnerships with others across organizational, cultural, and global boundaries Addresses and resolves conflict or competing priorities that may become barriers to collaboration Integrates global inclusion strategies/behaviors into business strategy and plans.

ORGANIZATIONAL INFLUENCING Builds customer relationships to gain internal and external support and backing Presents and articulates complex concepts and ideas in a persuasive and easy to understand manner Cultivates networks throughout the organization to support and create a foundation for future influence.

DRIVING COMPETITIVENESS AND INNOVATION Uses deep customer understanding to deliver competitive advantage Establishes systems and processes that create an environment that allows for exploration of new ideas Builds value across multiple lines of business Proactively addresses changing priorities and operating environment.

COMPLEX DECISION-MAKING Provides balanced judgment and demonstrates problem-solving skills in extremely complex and ambiguous situations Demonstrates ethical, balanced judgment and decisiveness when consequences of the decision involve potential risk to business results, team, or self Recognizes the broad, systematic implications of problems and issues

LOB EXECUTION Develops and implements operational plans that deliver business results Holds self and others accountable for achieving targets/objectives Maintains deep insight into the details; knows when to step in to correct course of action Identifies potential barriers to performance and creates contingency plans Maintains quality standards and delivery of timely results across teams.",,,,"Required Skills
        

        
            

            
                Ability To Influence
            
                Account Planning
            
                Business Relationships
            
                Leadership Skills
            
                Negotiating
            
                Presentation Skills
            
                Sales Consulting
            
                Sales Experience
            
                Strategy Development"
oracle,05-02-2024 16:51,1706596221-6,Senior Cloud Operation Engineer,https://careers.oracle.com/jobs/#en/sites/jobsearch/job/219963/?lastSelectedFacet=LOCATIONS&selectedLocationsFacet=300000000106947,India,Regular Employee,"Install, monitor, maintain, support, and optimise all production server hardware and software. Provide technical support for complex technical issues which may include leading problem management cases and providing management status. Responsible for Oracle production environments; assist with server operating system, bug fixes, and patching; and work on standardization projects for both hardware and software under the Oracle technology stack while providing consistent system uptime as expected in a Cloud environment. Provide on-call support, on a rotating basis.
 
We are looking for Cloud Operations Engineers to manage our cloud services. Responsibilities include: 

 Incident Management
 Support and troubleshooting of Staging/Production environments
 Response and Resolve incidents as per SLA's
 Organise, Anticipate, Plan and work as On-Call in shifts for multiple services (Open to work in shifts & shows flexibility)
 Maintain Service High Availability
 Release Management
 Test and Deploy solutions and automate to replace manual processes
 Build and maintain deployment tools/procedures
 Zero downtime deployments and a high availability mindset
 Define and build innovative solution methodologies and assets around infrastructure, cloud migration and deployment operations at scale.
 Work with service teams to resolve complex issues that require troubleshooting and knowledge of code. 
 Keep documentation up to date and resolving similar tickets with lower turnaround time and within SLA
 Ensure production security posture
 Ensure monitoring is robust and effective
 Change Management
 Perform Root Cause Analysis

 
Required Skills: 

 6+  years overall experience in IT industry
 Minimum 4 years of experience as a Sys Admin/Support
 Strong systems architecture skills
 Strong Linux administration (Understanding of different Hardware family)
 Virtualisation Technologies
 Scripting Language (Python/Bash/Shell etc, basic understanding of Java / Go will be good to have)
 Hands on experience at Monitoring/Instrumentation tools (Prometheus/Grafana, new relic, elastic or equivalent).
 Experience with maintaining high scale deployments, managing high throughput and IO intensive services.
 Strong knowledge of system configuration tools such as Chef, Terraform, GIT, Jenkins/Hudson, Artifactory
 Continuous Integration development/deployment, e.g. Docker, Kubernetes
 Understanding of Networking, Cloud Computing, Load Balancers",,,https://careers.oracle.com/jobs/#en/sites/jobsearch/requisitions?lastSelectedFacet=LOCATIONS&selectedLocationsFacet=300000000106947,https://www.oracle.com/a/ocom/img/oracle-rgb-c74634.png,"01/29/2024, 04:27 PM",6 to 10+ years,,"Job Description
        

        About the Group
At Oracle Cloud Infrastructure (OCI), we build the future of the cloud for Enterprises as a diverse team of fellow creators and inventors. We act with the speed and attitude of a start-up, with the scale and customer-focus of the leading enterprise software company in the world. Compute is one of the core organisations within OCI. We are responsible for providing Compute power i.e. VMs and BMs. Cloud pretty much cannot exists without our org. The Compute org comprises of a family of critical foundational infrastructure services that drive OCI’s hardware lifecycle activities
 
Work with product team on the shared full stack ownership of a collection of services and/or technology areas. Understand the end-to-end configuration, technical dependencies, and overall behavioural characteristics of production services. Responsible for the mitigating critical customer incidents, or deployments or testing required to improve security, performance, availability, and scalability of service. Authority for end-to-end performance and operability. Partner with development teams in meeting SLA to unblock customers. Articulate technical characteristics of services and technology areas and guide Development Teams to engineer and add premier capabilities to the Oracle Cloud service portfolio. Understand and communicate the scale, capacity, security, performance attributes, and requirements of the service and technology stack. Demonstrate clear understanding of automation and orchestration principles. Act as ultimate escalation point for complex or critical issues that have not yet been documented as Standard Operating Procedures (SOPs). Utilise a deep understanding of service topology and their dependencies required to troubleshoot issues and define mitigations. Understand and explain the effect of product architecture decisions on distributed systems. Professional curiosity and a desire to a develop deep understanding of services and technologies.
Responsible for the operation of production environments, including systems, supporting critical business operations. Will perform administration and analysis for multiple production environments and recommend new and novel solutions to improve availability, performance, and supportability. This is an opportunity to bring a combination of deep technical knowledge with administration/analysis knowledge of Oracle's Cloud Infrastructure to provide support to a wide range of complex production environment problems related to immense growth, scaling, leveraging the cloud, extremely high performance, and high availability requirements.",,,,"Required Skills
        

        
            

            
                Bash scripting
            
                Linux system administration
            
                Python scripting
            
                Terraform"
oracle,05-02-2024 16:51,1706596228-7,Software Developer III,https://careers.oracle.com/jobs/#en/sites/jobsearch/job/217749/?lastSelectedFacet=LOCATIONS&selectedLocationsFacet=300000000106947,"BENGALURU, KARNATAKA, India",Regular Employee,"Lead the architecture, development, and maintenance of a solution or platform
 Proactively identify gaps in the existing infrastructure and development process, acting as a catalyst for change for greater system and solution efficiency
 Provide direction in architecture discussions, design sessions, and code reviews on functional correctness, architectural maintainability and performance
 Leverage deep technical and solution expertise to create clear, well-constructed technical designs of large-scope
 Code for high-risk projects that have solution dependencies within and outside the current team
 Iterate with strategy and operations organizations to maintain solution vision
 Promote engineering culture and values across the organization and Cerner

Basic Qualifications

 At least 9 years total combined related work experience and completed higher education, including:
  
   At least 3 years software engineering work experience
   At least 6 years additional work experience directly related to the duties of the job and/or completed higher education, including:
    
     Bachelor's degree in Computer Engineering, Computer Information Systems, Computer Science, Information Systems, Information Technology, Software Engineering, or related field, or equivalent relevant work experience
    
  

Preferred Qualifications

 Master's degree or equivalent relevant work experience

Expectations

 Perform other responsibilities as assigned
 Willing to work additional or irregular hours as needed and allowed by local regulations
 Work in accordance with corporate and organizational security policies and procedures, understand personal role in safeguarding corporate and client assets, and take appropriate action to prevent and report any compromises of security within the scope of the position",,,https://careers.oracle.com/jobs/#en/sites/jobsearch/requisitions?lastSelectedFacet=LOCATIONS&selectedLocationsFacet=300000000106947,https://www.oracle.com/a/ocom/img/oracle-rgb-c74634.png,"01/29/2024, 01:17 PM",6 to 10+ years,,"Job Description
        

        
 
  
   Nice-to-have  in addition to the JD 
   Description
  
  
   What People Know
Knowledge
   Strong Technical and Technology expertise in C#/ VC++ and .Net Framework and SQL                                                                                                                                                Strong technial knowledge COM\tlb           
Expertise and deeper knowledge of Object Oriented Design principles/SOLID principles and design Patterns                                                                                                              Good knowledge of DLLs and tlb's, ,ways to export functions from a DLL
Good knowledge   Klockwork\Hpfortify,WinDbg.                                                                                                                                                                                                              Good at troubleshooting an issue.                                                                                                                                                                                                                                  Working knowledge on Windows programming.                                                                                                                                                                                                              Knowledge on SQL
  
  
   What People Can Do
Competencies
   -Provide direction in architecture discussions, design sessions and code reviews to review for functional correctness, architectural maintainability, and performance
-Create code specifications at the system level
-code for high-risk projects with solution dependencies within and outside the current team
-Leverage deep technical and solution expertise to Create clear, well-constructed strategic technical designs of moderate scope
-Estimate effort for current and future projects of medium to large scope
-Identify and drive analysis of complex technical issues to reduce technical debt and improve code quality
-Influence and lead software engineers at the project level by delegating tasks, mentoring the team, and fostering a culture of continuous improvement.
-Share knowledge outside team through mentorship, coaching, technical talks,institutes and blogs                                                                                                                                                                                                                                          -Troubleshoot Client issue
  
  
   What People Have Done
Experience / Qualifications
   - Preferably B.E./B.Tech from Tier 1 institute or IITs/NITs/BITs
- min 3 - 4   years' development experience in Windows-based applications. 
- Hands-on experience in Architecting and solving multiple complex business problems.
- Experience with agile software development methodologies
- Expertise in programming in multiple languages on Windows for a ,minimum of 4 years 
 
  
  
   Who People Are
Personal Attributes
   - Effective and Efficient personal, professional and technical communication skills.
- Team player attitude rather than Individuality mindset
- Dedication and commitment towards work and organization with flexibility in working hours
- Strong collaborative and networking skills
- strong problem-solving skills and aptitude
- Openness to feedback and ready to play any role as per organization needs and willing to report to any higher level org role as per needs
- Stakeholder management especially handling different Dev and org cultures
- Zeal to participate in DevCulture initiative by contributing towards white papers, technology innovations, TechTalks, Hackathon, etc.",,,,
oracle,05-02-2024 16:51,1706596235-8,Software Developer 2,https://careers.oracle.com/jobs/#en/sites/jobsearch/job/215940/?lastSelectedFacet=LOCATIONS&selectedLocationsFacet=300000000106947,India,Regular Employee,"As a member of the software engineering division, you will apply basic to intermediate knowledge of software architecture to perform software development tasks associated with developing, debugging or designing software applications or operating systems according to provided design specifications. Build enhancements within an existing software architecture and occasionally suggest improvements to the architecture.",,,https://careers.oracle.com/jobs/#en/sites/jobsearch/requisitions?lastSelectedFacet=LOCATIONS&selectedLocationsFacet=300000000106947,https://www.oracle.com/a/ocom/img/oracle-rgb-c74634.png,"01/29/2024, 05:50 PM",3 to 5+ years,,"Job Description
        

        Design, develop, troubleshoot and debug software programs for databases, applications, tools, networks etc.
Must Have : Asp.net, React Js, SQL, Asp.net core, JavaScript etc.",,,,"Required Skills
        

        
            

            
                ASP.NET
            
                JavaScript (Programming Language)
            
                ReactJS
            
                SQL (Structured Query Language)"
oracle,05-02-2024 16:51,1706596242-9,Applications Developer 4,https://careers.oracle.com/jobs/#en/sites/jobsearch/job/214637/?lastSelectedFacet=LOCATIONS&selectedLocationsFacet=300000000106947,"HYDERABAD, TELANGANA, India",Regular Employee,"As a member of the software engineering division, you will analyze and integrate external customer specifications. Specify, design and implement modest changes to existing software architecture. Build new products and development tools. Build and execute unit tests and unit test plans. Review integration and regression test plans created by QA. Communicate with QA and porting engineering to discuss major changes to functionality.",,,https://careers.oracle.com/jobs/#en/sites/jobsearch/requisitions?lastSelectedFacet=LOCATIONS&selectedLocationsFacet=300000000106947,https://www.oracle.com/a/ocom/img/oracle-rgb-c74634.png,"01/29/2024, 01:23 PM",10+ years,,"Job Description
        

        Analyze, design develop, troubleshoot and debug software programs for commercial or end user applications. Writes code, completes programming and performs testing and debugging of applications.",,,,"Required Skills
        

        
            

            
                Software Engineering"
oracle,05-02-2024 16:51,1706596249-10,Senior Technical Analyst,https://careers.oracle.com/jobs/#en/sites/jobsearch/job/214482/?lastSelectedFacet=LOCATIONS&selectedLocationsFacet=300000000106947,"BENGALURU, KARNATAKA, India",Regular Employee,"Basic Qualifications :
Bachelor's degree or higher in Computer Science, Engineering or related field
Linux system administrator or Database Administrator with over 7 years of experience working on enterprise solutions and systems.
7+ years professional experience in commercial or enterprise system software support / delivery
Ability to write high-quality, reusable operations and/or automation scripts, preferably in Python and Bash.
Possess strong verbal and written communication skills
Possess strong analytical skills, with excellent problem solving abilities in the face of ambiguity
The Ideal Candidate Will Be :
Passionate about solving complex problems with creative solutions.
Highly motivated, smart, independent, and problem solver who thrives in a fast-paced, bottoms-up environment.
Able to Increase efficiencies through software improvement, automation, service delivery, maturity, and scalability.",,,https://careers.oracle.com/jobs/#en/sites/jobsearch/requisitions?lastSelectedFacet=LOCATIONS&selectedLocationsFacet=300000000106947,https://www.oracle.com/a/ocom/img/oracle-rgb-c74634.png,"01/29/2024, 07:03 PM",6 to 10+ years,,"Job Description
        

        Basic Qualifications :
Bachelor's degree or higher in Computer Science, Engineering or related field
Linux system administrator or Database Administrator with over 7 years of experience working on enterprise solutions and systems.
7+ years professional experience in commercial or enterprise system software support / delivery
Ability to write high-quality, reusable operations and/or automation scripts, preferably in Python and Bash.
Possess strong verbal and written communication skills
Possess strong analytical skills, with excellent problem solving abilities in the face of ambiguity
The Ideal Candidate Will Be :
Passionate about solving complex problems with creative solutions.
Highly motivated, smart, independent, and problem solver who thrives in a fast-paced, bottoms-up environment.
Able to Increase efficiencies through software improvement, automation, service delivery, maturity, and scalability.",,,,"Required Skills
        

        
            

            
                Customer Service
            
                Linux system administration
            
                Operating Systems
            
                Problem Solving"
oracle,05-02-2024 16:51,1706596256-11,Talent Advisor - Recruiter (Contract To Hire),https://careers.oracle.com/jobs/#en/sites/jobsearch/job/211910/?lastSelectedFacet=LOCATIONS&selectedLocationsFacet=300000000106947,"BENGALURU, KARNATAKA, India
MUMBAI, MAHARASHTRA, India",Contractor,,,,https://careers.oracle.com/jobs/#en/sites/jobsearch/requisitions?lastSelectedFacet=LOCATIONS&selectedLocationsFacet=300000000106947,https://www.oracle.com/a/ocom/img/oracle-rgb-c74634.png,"01/29/2024, 06:33 PM",No,,"Job Description
        

        POSITION:   Recruiter (Talent Advisor)
LOCATION: Bangalore/Mumbai
RESPONSIBILITIES:

 End to End Recruiting responsibility, which involves requirement gathering, Sourcing, Screening, Scheduling interviews, salary discussion, onboarding.
 Manage hiring manager expectation with regard to quality, quantity, cost & time.
 Develop screened candidate pipeline using Oracle Internal Resume Databank, Referral Data Bank , Career site , Job Boards, Internet Based Soucing ,Web 2.0 sourcing strategies, advanced Boolean Search,and social networking sites to support the India Recruiting Team for various job functions and levels.  
 Engage with Inactive candidates and convert them to potential Active candidates .
 Engage with assigned recruiters to understand the supported business as well as the recruiting requirements; partner with recruiters to meet expectations and deliver a qualified pipeline of candidates.
 Source candidates to include both active and passive job seekers to provide a strong pipeline of qualified candidates for each recruiter; exercise creativity to find candidates using Oracle’s advanced sourcing tools/techniques.
 Fully evaluate candidate’s background against the requirements provided by recruiter, and process leads using ATS (Applicant Tracking System).
 Manage your efforts efficiently; maintain the highest levels of client satisfaction as well as strong operations and reporting of research activities.

 
PREFERRED QUALIFICATIONS:

 Experience in hiring for Cloud Technologies for product development, consulting roles.
 Fluent in English, with excellent written and oral communication skills.
 Indepth technology understanding, ability to articulate role requirements effectively.
 5-8 year Graduate or Post Graduation ( BSC, Btech , MBA PGDM ) equivalent degree.
 Proficiency with Boolean Search techniques & XRay searching capabilities.
 Ability to learn new software applications quickly.
 Target Oriented.
 Strong organization and attention to detail skills.
 Prior recruiting experiences in a Agency/Consulting firm a plus.
 Strong working experience of Excel, PPT and Word .
 Data collection , Analysis and Ability to Present in a well mannered format
 Expertise in Intelligence Gathering & Talent Mapping experience

 
Partners with management in the identification, recruitment, and qualification of Oracle*s top talent on a national basis. Develops and implements recruitment/resourcing programs.

As an Oracle recruiter you will expedite recruitment and staffing needs via internal and external resources to ensure open positions are filled with high caliber talent to meet current and future needs. Manage the full recruiting life cycle within assigned Oracle division(s). May serve as a technical specialist in sourcing, recruiting, and identifying qualified applicants for highly specialized and difficult to attract positions. Will interface with internet sourcing tools and Oracle*s iRecruitment web tool.

Duties and tasks are standard with some variation. Completes own role largely independently within defined policies and procedures. Demonstrated record of measurable success in a fast paced, high volume environment. Ability to target candidates and cold call recruit individuals at all levels. Experience in a variety of sourcing methodologies and able to develop strategic recruiting programs. Ability to travel. 2 years recruiting experience in a high technology or agency environment. BA/BS degree.
-",,,,
oracle,05-02-2024 16:51,1706596263-12,Technical Consultant - Core Banking - Java Microservices,https://careers.oracle.com/jobs/#en/sites/jobsearch/job/209607/?lastSelectedFacet=LOCATIONS&selectedLocationsFacet=300000000106947,"BENGALURU, KARNATAKA, India
India",Regular Employee,"Desired Skills & ExperiencePrimary SkillsPossess experience in end-to-end Development and / or Implementation and / or Support activities covering expertise areas such as design of customizations, Coding and Unit testing, implementing Test cycle rounds including End of Days, migrations and Integrations for Oracle FLEXCUBE / Core banking products.Knowledge and skills in software programming in Core Java, J2EE, Microservices related technologies, Spring boot, JavaScript, XML. Experience in Oracle SQL, PL/SQL and Oracle Database (18c or 12c) is a plus.Have exposure to software deployment and fix on Application Server software especially Oracle WebLogicHave working knowledge of Release management and Source control tools.We should be able to perform issue tracking for applications and follow-up for resolution of same with customers.Good client interaction skills in areas including presentation of solutions.You have awareness of banking terminologies and concepts.Good skills on Microsoft Office, MS Excel, PowerpointGood communication & documentation skills in English.Secondary SkillsExposure to Banking DomainExposure to software development processes and practices, DevOps tools, Testing toolsYou possess knowledge of Oracle OBIEE Reports, BIP, middleware such as Oracle Fusion SOA SuiteYou are aware of newest technologies in Banking Diversity & Inclusion:An Oracle career can span industries, roles, Countries and cultures, giving you the opportunity to flourish in new roles and innovate, while blending work life in. Oracle has thrived through 40+ years of change by innovating and operating with integrity while delivering for the top companies in almost every industry.In order to nurture the talent that makes this happen, we are committed to an inclusive culture that celebrates and values diverse insights and perspectives, a workforce that inspires thought leadership and innovation. .Oracle offers a highly competitive suite of Employee Benefits designed on the principles of parity, consistency, and affordability. The overall package includes certain core elements such as Medical, Life Insurance, access to Retirement Planning, and much more. We also encourage our employees to engage in the culture of giving back to the communities where we live and do business.At Oracle, we believe that innovation starts with diversity and inclusion and to create the future we need talent from various backgrounds, perspectives, and abilities. We ensure that individuals with disabilities are provided reasonable accommodation to successfully participate in the job application, interview process, and in potential roles. to perform crucial job functions.That’s why we’re committed to creating a workforce where all individuals can do their best work. It’s when everyone’s voice is heard and valued that we’re inspired to go beyond what’s been done before.",,,https://careers.oracle.com/jobs/#en/sites/jobsearch/requisitions?lastSelectedFacet=LOCATIONS&selectedLocationsFacet=300000000106947,https://www.oracle.com/a/ocom/img/oracle-rgb-c74634.png,"01/29/2024, 04:45 PM",6 to 10+ years,,"Job Description
        

        Intermediate consulting position operating independently with some assistance and guidance to provide quality work products to a project team or customer that comply with Oracle methodologies and practices. Performs standard duties and tasks with some variation to implement Oracle products and technology to meet customer specifications.

 
  
   
    
     The business - Oracle Financial Services Consulting
     Oracle Financial Services Global Business Unit (FSGBU) is a world leader in providing IT solutions to the Financial Services industry. Oracle’s customers include ten of the top ten Global Banks, Insurance companies, Securities firms, five of the top  five  Mutual Fund companies and four of the top five World Stock Exchanges.
     With the experience of delivering value-based IT solutions to over 840 financial institutions in over 130 countries, the FSGBU understands the specific challenges that financial institutions face: the need for building customer intimacy and competitive advantage through cost-effective solutions while, simultaneously, adhering to the stringent demands of a dynamic regulatory environment.  Our solutions have the world's most comprehensive and contemporary banking applications and provide a technology footprint that addresses their complex IT and business requirements.
     Banking Consulting Europe which is a part of EMEA Region under ‘FSGBU - Consulting’ delivers Oracle Technology and Applications solutions for clientele in the European region. The service offerings include Application Implementation, Managed Services and Customization development services for Oracle Financial Services Software Banking products.
     Your Opportunity
     This gives you an opportunity to apply your technology knowledge, skills and experience to work in the Banking Consulting team with a new generation of Oracle Banking products in next generation architecture built using the newest technologies.
     The Role
     
      Participate as Senior Technical team member in Development or Implementation or Managed Service activity streams such as Migration, Integration, Testing support and coordination with other Oracle teams at client locations or offshore teams for various activities.
      Assist with analysis, design and implementation of solutions for various business requirements.
      Develop programs as per specifications/requirements given by Oracle / Client within planned schedule.
      Use defined standards/tools/processes to achieve deliverables that meet quality expectations of Oracle / Client.
      Document all work in accordance with agreed standards/processes applicable for Oracle / Client.
      Adhere to defined Change Control Process of Oracle / Client.  Align with Oracle / Client audit / Compliance requirements.
      Ensure quality code delivery.
      Perform proper handover / knowledge transfer at end of each assignment.
      Timely status reporting to supervisor.
      Timely submission of timesheets and expenses for Oracle / Clients.
     
      
     Experience
     
      Experience of 3 to 7 years with 2 years in primary skill areas
     
     Educational and Other Qualifications
     
      Should hold a Bachelor's degree in computer science or equivalent degree
     
     Work Environment
     
      Willing to work at offshore as well as travel to client locations
      Should be willing to take up Oracle Banking / FLEXCUBE Technical certifications in functional areas as and when required.
      Ability to work in a high pressure, fast moving and challenging environment
      Teammate
      Should be able to work on shifts on rotation basis based on project needs",,,,"Required Skills
        

        
            

            
                Core Banking Applications like Oracle Flexcube
            
                JAVA / J2EE, RESTful Services, SQL queries
            
                Microservices
            
                SPRING FRAMEWORK HTML SPRING CORE JAVA SPRINGBOOT"
oracle,05-02-2024 16:51,1706596270-13,Software Developer 3,https://careers.oracle.com/jobs/#en/sites/jobsearch/job/221611/?lastSelectedFacet=LOCATIONS&selectedLocationsFacet=300000000106947,"BENGALURU, KARNATAKA, India",Regular Employee,"Responsibilities

 Lead the architecture, development, and maintenance of a solution or platform.
 Proactively identify gaps in the existing infrastructure and development process, acting as a catalyst for change for greater system and solution efficiency.
 Provide direction in architecture discussions, design sessions, and code reviews on functional correctness, architectural maintainability, and performance.
 Leverage deep technical and solution expertise to create clear, well-constructed technical designs of large scope.
 Code for high-risk projects that have solution dependencies within and outside the current team.
 Estimate the effort required for both current and future small to large-scale projects.
 Iterate with strategy and operations organizations to maintain solution vision.
 Share knowledge within the team through mentoring, coaching, technical talks, and blogging.
 Promote engineering culture and values across the organization.",,,https://careers.oracle.com/jobs/#en/sites/jobsearch/requisitions?lastSelectedFacet=LOCATIONS&selectedLocationsFacet=300000000106947,https://www.oracle.com/a/ocom/img/oracle-rgb-c74634.png,"01/30/2024, 11:30 AM",3 to 5+ years,,"Job Description
        

        Building off our Cloud momentum, Oracle has formed a new organization - Oracle Health Applications & Infrastructure (OHAI). This team will focus on product development and product strategy for Oracle Health while building out a complete platform supporting modernized, automated healthcare. This is a net new line of business, constructed with an entrepreneurial spirit that promotes an energetic and creative environment. We are unencumbered and will need your contribution to make it a world-class engineering center with a focus on excellence.
Why?
Oracle Health Applications & Infrastructure (OHAI) group is on a mission to bring the modern healthcare technology platform to provide better health insights and human-centric experiences for patients, providers, payers, and the public. If you have experience bringing AI models to production, cloud knowledge, and/or have a passion for reimagining healthcare, we would like to hear from you. We are expanding our dedicated team so come join us on this exciting journey.
Responsibilities

 Lead the architecture, development, and maintenance of a solution or platform.
 Proactively identify gaps in the existing infrastructure and development process, acting as a catalyst for change for greater system and solution efficiency.
 Provide direction in architecture discussions, design sessions, and code reviews on functional correctness, architectural maintainability, and performance.
 Leverage deep technical and solution expertise to create clear, well-constructed technical designs of large scope.
 Code for high-risk projects that have solution dependencies within and outside the current team.
 Estimate the effort required for both current and future small to large-scale projects.
 Iterate with strategy and operations organizations to maintain solution vision.
 Share knowledge within the team through mentoring, coaching, technical talks, and blogging.
 Promote engineering culture and values across the organization.

Basic Qualifications

 Bachelor’s degree in computer science or related field or equivalent by working experience.
 Should have a minimum of 5+ years of Java development experience, working on large frameworks and codebases.
 Experience with PL/SQL, JavaScript, and Kubernetes.
 Experience working on Cloud technology, preferably OCI.
 Experience with Web development.

Preferred Qualifications

 Effective troubleshooting skills.
 Skilled in designing low-level systems using OOP principles.
 Strong problem-solving skills to investigate and resolve software issues.
 Solid understanding of data structures and algorithms.

Expectations: 

 Perform other responsibilities as assigned.
 Willing to work additional or irregular hours as needed and allowed by local regulations.
 Work in accordance with corporate and organizational security policies and procedures, understand personal role in safeguarding corporate and client assets, and take appropriate action to prevent and report any compromises of security within the scope of the position.",,,,
oracle,05-02-2024 16:51,1706596277-14,Senior Data Engineer,https://careers.oracle.com/jobs/#en/sites/jobsearch/job/217166/?lastSelectedFacet=LOCATIONS&selectedLocationsFacet=300000000106947,"HYDERABAD, TELANGANA, India
BENGALURU, KARNATAKA, India",Regular Employee,"What will you do as a Data Engineer at Oracle?Create and maintain optimal data pipeline architecture to drive analytics across the suite of Oracle products.Assemble large datasets to facilitate a variety of analyses to understand user and customer behavior and usage patterns.Dive deep into usage data to understand problem and opportunity areas for complex and massively scaled enterprise products.Identify, design, and implement internal process improvements by automating manual processes, optimizing data delivery, and re-designing infrastructure for greater scalability.Build the infrastructure required for optimal extraction, transformation, and loading of data from a wide variety of data sources using SQL and Oracle technologies.Work with the Research team to assist with data-related technical issues and support their data infrastructure needs. Create data tools for analytics and data scientist team members that assist them in building and optimizing their analyses that will drive product improvements and insights.Collaborate closely with partners in design and product management to learn complex domains, assess needs, be a technical advocate for enabling the right infrastructure to answer the right questions.What skills/abilities/background would you ideally possess? BA, Master's or PhD degree in Computer Science, Statistics, Informatics, Information Systems, or a related field.Sophisticated working SQL knowledge and experience working with relational databases, query authoring (SQL) as well as working familiarity with a variety of databases.Experience building and optimizing ‘big data’ data pipelines, architectures and data sets.Experience performing root cause analysis on internal and external data and processes to answer specific business questions and find opportunities for improvement.Strong analytic skills related to working with unstructured datasets.Build processes supporting data transformation, data structures, metadata, and workload management.A successful history of processing and extracting value from large, disconnected datasets.Working knowledge of message queuing, stream processing, and highly scalable ‘big data’ data stores.Experience supporting and working with cross-functional teams in a dynamic environment.Experience with big data tools: Hadoop, Spark, Airflow, Docker, HUE, etc.Experience with object-oriented/object function languages: Python, Java, Scala, etc.Experience applying cloud services to supervise, store, and compute data as part of a pipeline development lifecycle.  At Oracle, we’re rebooting what design is for our entire company, creating a design-led culture that will put users and their needs at the center of our product development process, and transform the way our customers work on a global scale.We’re looking for a passionate Data Engineer to create cutting edge and scalable data pipelines for Oracle Cloud apps, which will in turn enable the data science team understand what our users are doing within our massively scaled cloud applications.You will join a small but mighty Data Science group that is bringing scientific rigor to understand what our customers and end users are doing in our products, demonstrating empirical research methods to extract meaningful patterns from large data sets, visualizing that information in truly cutting-edge ways that is furthering a whole new level of empathy, and scaling our approaches to the daunting breadth of our enterprise products. In addition, the Data Science group is embedded within the larger Research organization and partners closely with the qualitative researchers, enabling an integrated viewpoint of both scale and in-depth understanding of customer behaviors. In short, we are starting a mini revolution of being data and customer focused and looking for someone who is excited to join us!
A bit about the team
Oracle Design is a team of innovators, designers, researchers, data scientists, prototypers, content creators, and technologists that have come together to take Design to the next level. We are reimagining the UX of over 300 enterprise cloud applications in the field of Human Resources, Finances, Supply Chain, Manufacturing, Marketing, Commerce, Health Care, Education, Government, and so much more. At the brink of a cultural transformation, you will have tremendous opportunities to bring your best, grow, and develop as a UX professional. While our goal is simple (make work more enjoyable for the users of our software), the process of enabling that intersects with rapidly developing areas of technology such as Artificial Intelligence, Data Science and Machine Learning, Conversational UX, and more. Oracle Design Studios are all over the world (US, Mexico, Canada, Bucharest, India); we are looking for curious and collaborative people that are passionate to work together and make work simpler and streamlined for millions of people out there.
Here’s the kind of person we’re looking for:You enjoy working on complex problems and have the patience and creativity to tackle them at scale.  You have strong technical foresight along with the intellectual curiosity to tackle new problems.You are also not shy to bring forth your ideas, enjoy collaborating with others on approaches and make a case (as needed) with key stakeholders.You thrive on working well with others and make the people around you better.You don’t already know everything and you love to learn from others, new contexts and new challenges. You are excited by the opportunity to collaborate with multidisciplinary group of people that are globally distributed to make things happen.And finally, you want to be part of creating dramatic and impactful change at a company that is committed to becoming a light unto others when it comes to user experience design.",,,https://careers.oracle.com/jobs/#en/sites/jobsearch/requisitions?lastSelectedFacet=LOCATIONS&selectedLocationsFacet=300000000106947,https://www.oracle.com/a/ocom/img/oracle-rgb-c74634.png,"01/30/2024, 11:20 AM",3 to 5+ years,,"Job Description
        

        Create and maintain optimal data pipeline architecture to drive analytics across the suite of Oracle products. Assemble large datasets to facilitate a variety of analyses to understand user and customer behavior and usage patterns. Identify, design, and implement internal process improvements by automating manual processes, optimizing data delivery, and re-designing infrastructure for greater scalability. Build the infrastructure required for optimal extraction, transformation, and loading of data from a wide variety of data sources using Java, SQL, and Oracle technologies. Work with the Research team to assist with data-related technical issues and support their data infrastructure needs. Create data tools for analytics and data scientist team members that assist them in building and optimizing their analyses that will drive product improvements and insights. Collaborate closely with partners in design and product management to learn complex domains, assess needs, be a technical advocate for enabling the right infrastructure to answer the right questions.
BA with 3+ years of experience required.",,,,"Required Skills
        

        
            

            
                AWS (Amazon Web Services)
            
                Airflow Framework
            
                Azure
            
                Big Data Technologies
            
                Docker
            
                Java (Programming Language)
            
                OCI (Oracle Cloud Infrastructure)
            
                Python (Programming Language)
            
                SQL (Structured Query Language)"
