jobid,companyname,scraptime,company_url,jobtitle,joblocation,experience,postedtime,skills,copanylogo
1706615910-1,sai,,https://ibegin.tcs.com/iBegin/jobs/search,"RPA Developers
					
						WALK-IN",Pune,"2-5 years
					
						02- Feb-2024",02-Feb-24,RPA Developer,resources/images/banner/TCS-iBegin-Logo.png
1706615910-2,sai,,https://ibegin.tcs.com/iBegin/jobs/search,"ECBO ITIS
					
						WALK-IN",Chennai,"1-11 years
					
						01- Feb-2024",01-Feb-24,Cisco Network | Data Network | Citrix | MS SQL Server | F5 | Loadbalancer | My SQL DBA,resources/images/banner/TCS-iBegin-Logo.png
1706615910-3,sai,,https://ibegin.tcs.com/iBegin/jobs/search,"Network Security
					
						WALK-IN",Hyderabad,"5-10 years
					
						28- Jun-2024",28-Jun-24,Network Routing  |  Network Security - Palo Alto,resources/images/banner/TCS-iBegin-Logo.png
1706615910-4,sai,,https://ibegin.tcs.com/iBegin/jobs/search,"Oracle DBA
					
						WALK-IN",Hyderabad,"5-8 years
					
						31- May-2024",31-May-24,Oracle DBA,resources/images/banner/TCS-iBegin-Logo.png
1706615910-5,sai,,https://ibegin.tcs.com/iBegin/jobs/search,"Machine Learning Data Sc...
					
						WALK-IN",Bangalore,"4-8 years
					
						29- Feb-2024",29-Feb-24,Machine Learning,resources/images/banner/TCS-iBegin-Logo.png
1706615910-6,sai,,https://ibegin.tcs.com/iBegin/jobs/search,"Service now Developer
					
						WALK-IN",Chennai,"4-7 years
					
						29- Feb-2024",29-Feb-24,Service Now,resources/images/banner/TCS-iBegin-Logo.png
1706615910-7,sai,,https://ibegin.tcs.com/iBegin/jobs/search,"TCS job oppurtunity for ...
					
						WALK-IN",Chennai,"5-8 years
					
						31- Mar-2024",31-Mar-24,Network Admin,resources/images/banner/TCS-iBegin-Logo.png
1706615910-8,sai,,https://ibegin.tcs.com/iBegin/jobs/search,"TCS job oppurtunity for ...
					
						WALK-IN",Bangalore,"8-10 years
					
						31- Mar-2024",31-Mar-24,Control M,resources/images/banner/TCS-iBegin-Logo.png
1706615910-9,sai,,https://ibegin.tcs.com/iBegin/jobs/search,"IBM Websphere
					
						WALK-IN",Bangalore,"4-10 years
					
						31- Mar-2024",31-Mar-24,IBM Websphere Application Server,resources/images/banner/TCS-iBegin-Logo.png
1706615910-10,sai,,https://ibegin.tcs.com/iBegin/jobs/search,"TCS Opportunity for Netw...
					
						WALK-IN",Chennai,"2-5 years
					
						31- Mar-2024",31-Mar-24,Data Network,resources/images/banner/TCS-iBegin-Logo.png
